cmd,data1,data0
130,0,0
130,0,0
130,0,0
130,0,0
130,0,0
130,0,0
130,0,0
130,0,0
130,0,0
130,0,0
130,0,0
130,0,0
130,0,0
130,127,112
130,0,0
130,0,16
130,0,0
130,0,0
130,0,0
130,0,0
130,0,0
130,0,0
130,0,0
130,0,0
130,0,0
130,0,0
130,0,0
130,0,16
130,0,0
130,0,0
130,0,16
130,0,0
130,0,0
130,0,0
130,0,0
130,0,0
130,0,0
130,0,0
130,0,0
130,0,0
130,0,16
130,0,0
130,127,112
130,0,0
130,0,0
130,0,0
130,0,0
130,127,112
130,0,0
130,0,0
130,0,0
130,0,0
130,0,0
130,0,0
130,0,0
130,0,0
130,0,0
130,0,0
130,0,0
130,0,0
130,0,0
130,0,0
130,127,112
130,0,0
130,0,0
130,0,0
130,0,0
130,0,0
130,0,0
130,0,0
130,0,0
130,0,0
130,0,0
130,0,0
130,0,0
130,0,0
130,0,0
130,0,0
130,0,0
130,0,0
130,0,0
130,0,0
130,0,0
130,0,0
130,0,0
130,0,0
130,0,0
130,0,0
130,0,0
130,0,0
130,0,0
130,0,0
130,0,0
130,0,0
130,0,0
130,0,0
130,0,0
130,0,0
130,130,0
0,130,0
0,130,0
0,130,0
0,130,0
0,130,0
0,130,0
0,130,0
0,130,0
0,130,0
0,130,0
0,130,0
0,130,0
0,130,0
0,130,0
0,130,0
0,130,0
0,130,0
0,130,0
0,130,127
112,130,0
0,130,0
0,130,0
16,130,0
0,130,0
0,130,0
16,130,0
0,130,0
0,130,0
0,130,0
16,130,0
0,130,0
0,130,0
0,130,0
0,130,0
0,130,0
0,130,0
0,130,0
0,130,0
0,130,0
0,130,0
0,130,0
16,130,0
0,130,0
0,130,0
0,130,0
0,130,0
0,130,0
0,130,0
0,130,0
0,130,127
112,130,0
0,130,0
0,130,0
0,130,0
0,130,0
0,130,0
0,130,0
16,130,0
0,130,0
0,130,0
0,130,0
0,130,20
0,130,0
0,130,0
0,130,0
0,130,0
0,130,0
0,130,0
0,130,0
0,130,0
0,130,0
0,130,0
0,130,0
0,130,0
0,130,0
0,130,0
0,130,0
0,130,0
16,130,0
0,130,0
0,130,0
0,130,0
0,130,0
0,130,0
0,130,0
0,130,0
0,130,0
0,130,0
0,130,0
0,130,0
0,130,0
0,130,0
0,130,0
0,130,0
0,130,0
0,130,0
0,130,0
0,130,0
0,130,0
0,130,0
0,130,127
112,130,0
0,130,0
0,130,0
16,130,127
112,130,0
0,130,0
0,130,0
0,130,0
0,130,0
0,130,0
0,130,0
0,130,0
0,130,0
0,130,0
0,130,0
0,130,0
0,130,0
0,130,0
0,130,0
0,130,0
0,130,0
0,130,0
0,130,0
0,130,0
0,130,0
0,130,0
0,130,0
0,130,0
0,130,0
0,130,0
0,130,0
0,146,0
0,130,0
0,130,0
0,130,0
0,130,0
0,130,0
0,130,0
0,130,0
0,130,0
0,130,0
16,130,0
0,130,0
0,130,0
0,130,0
0,130,0
0,130,0
0,130,0
0,130,0
0,130,0
0,130,0
0,130,0
0,130,0
0,130,0
0,130,0
0,130,0
0,130,0
0,130,0
0,130,0
0,130,0
0,130,0
0,130,127
112,130,0
0,130,0
0,130,0
0,130,0
0,130,0
0,130,0
0,130,0
0,130,0
0,130,0
0,130,0
0,130,16
0,130,0
0,130,0
0,130,0
0,130,0
0,130,0
0,130,0
0,130,0
0,130,127
112,130,0
0,130,0
0,130,0
0,130,0
0,130,0
0,130,0
16,130,0
0,130,0
0,130,0
0,130,0
0,130,0
0,130,0
0,130,0
0,130,0
0,130,0
0,130,0
0,130,0
0,130,0
0,130,0
0,130,0
0,130,0
0,130,0
0,130,0
0,130,127
112,130,0
0,130,0
0,130,0
0,130,0
0,130,0
0,130,0
0,130,0
0,130,0
0,130,0
0,0,16
130,0,0
130,0,0
130,0,0
130,0,0
130,0,0
130,0,0
130,0,0
130,0,0
130,0,0
130,0,0
130,0,0
130,0,0
130,0,0
130,0,0
130,0,0
130,0,0
130,0,0
130,0,0
130,0,16
130,1,0
130,0,0
130,0,0
130,0,0
130,0,0
130,0,0
130,0,0
130,0,16
130,0,0
130,0,0
130,0,0
130,0,0
130,0,0
130,0,16
130,0,0
130,0,0
130,0,0
130,0,0
130,0,0
130,0,0
130,0,0
130,0,0
130,127,112
130,0,0
130,0,0
130,0,0
130,0,0
130,0,0
130,0,0
130,0,0
130,0,0
130,0,0
130,0,0
130,0,0
130,0,0
130,0,0
130,0,0
130,0,0
130,0,0
130,0,0
130,0,0
130,0,0
130,0,0
130,0,0
130,0,0
130,0,0
130,0,0
130,0,0
130,0,0
130,0,0
130,0,0
130,0,0
130,0,0
130,0,0
130,0,2
130,0,0
130,0,0
130,0,0
130,0,0
130,0,0
130,0,0
130,0,0
130,0,0
130,0,0
130,0,0
130,0,0
130,0,0
130,0,0
130,0,0
130,0,0
130,0,0
130,0,0
130,0,0
130,0,0
130,0,0
130,0,0
130,0,0
130,0,0
130,0,0
130,0,0
130,0,0
130,0,0
130,0,0
130,0,0
130,0,0
130,0,0
130,0,0
130,0,16
130,0,0
130,0,0
130,0,0
130,0,0
130,0,0
130,0,0
130,0,0
130,0,0
130,0,0
130,0,0
130,0,0
130,0,0
130,0,2
130,0,0
130,0,0
130,127,112
130,0,0
130,0,0
130,0,0
130,0,0
130,0,0
130,0,0
130,0,0
130,0,0
130,0,0
130,0,0
130,0,0
130,0,0
130,0,0
130,0,0
130,0,0
130,0,0
130,0,0
130,0,0
130,0,0
130,0,0
130,0,0
130,0,0
130,0,0
130,0,0
130,0,0
130,0,0
130,0,0
130,0,0
130,0,0
130,0,0
146,0,0
130,0,0
130,0,0
130,0,0
130,0,0
130,0,0
130,0,0
130,0,0
130,0,16
130,0,0
130,0,0
130,0,0
130,0,80
130,0,0
130,0,0
130,0,0
130,0,0
130,0,0
130,0,0
130,0,0
130,0,0
130,0,0
130,0,0
130,0,0
130,0,130
0,0,130
0,0,130
0,0,130
0,0,130
0,0,130
0,0,130
0,0,130
0,0,130
0,112,130
127,0,130
0,0,130
0,0,130
0,0,130
0,0,130
0,0,130
0,0,130
0,0,130
0,0,130
0,0,130
0,0,130
0,0,130
0,0,130
0,0,130
0,0,130
0,0,130
0,0,130
0,0,130
0,0,130
0,0,130
0,0,130
0,0,130
0,0,130
0,0,130
0,0,130
0,0,130
0,0,130
0,0,130
0,0,130
0,0,130
0,0,130
0,112,130
127,0,130
0,16,130
0,0,130
0,0,130
0,0,130
0,0,130
0,0,130
0,0,130
0,0,130
0,0,130
0,0,130
0,0,130
0,0,130
0,0,130
0,0,130
0,0,130
0,0,130
0,0,130
0,0,130
0,0,130
0,0,130
0,0,130
0,0,130
0,0,130
0,0,130
0,0,130
0,0,130
0,0,130
0,0,130
0,0,130
0,0,130
0,0,130
0,0,130
0,112,130
127,0,130
0,16,130
0,0,130
0,0,130
0,0,130
0,0,130
0,0,130
0,0,130
0,0,130
0,0,130
0,0,130
0,0,130
0,0,130
0,0,130
0,0,130
0,0,130
0,0,130
0,0,130
0,0,130
0,127,112
130,0,0
130,0,0
130,0,0
130,0,0
130,0,0
130,0,0
130,0,0
130,0,0
130,0,0
130,0,0
130,0,0
130,0,0
130,0,0
130,0,0
130,0,0
130,0,0
130,0,0
130,0,0
130,0,16
130,0,0
130,0,0
130,0,0
130,0,0
130,0,0
130,0,0
130,0,0
130,0,0
130,0,0
130,0,0
130,0,16
130,0,0
130,0,0
130,0,0
130,0,0
130,0,0
130,1,0
130,0,0
130,0,0
130,0,0
130,0,0
130,0,16
130,0,0
130,0,0
130,0,0
130,127,112
130,0,0
130,0,0
130,0,0
130,0,0
130,0,0
130,0,0
130,0,0
130,0,0
130,0,0
130,0,0
130,0,0
130,0,0
130,0,0
130,0,0
130,0,0
130,0,0
130,127,112
130,0,0
130,0,0
130,0,0
130,0,0
130,0,0
130,0,0
130,0,0
130,0,0
130,0,0
130,0,0
130,0,0
130,0,0
130,0,0
130,0,0
130,0,0
130,0,0
130,0,0
130,0,0
130,0,0
130,0,0
48,0,130
0,0,130
0,0,130
0,0,130
0,0,130
0,0,130
0,0,130
0,0,130
0,0,130
0,0,130
0,0,130
0,16,130
0,0,130
0,112,130
127,0,130
0,0,130
0,0,130
0,112,130
127,0,130
0,0,130
0,0,130
0,0,130
0,0,130
0,0,130
0,0,130
0,0,130
0,0,130
0,0,130
0,16,130
0,0,130
0,0,130
0,16,130
0,112,130
127,0,130
0,0,130
0,0,130
0,0,130
0,0,130
0,0,130
0,0,130
0,0,130
0,0,130
0,0,130
0,0,130
0,0,130
0,0,130
0,0,130
0,0,130
0,0,130
0,0,130
0,0,130
0,0,130
0,0,130
0,0,130
0,16,130
0,0,130
0,0,130
0,0,130
0,0,130
0,0,130
0,0,130
0,0,130
0,0,130
0,0,130
0,1,130
0,112,130
127,0,130
0,0,130
0,0,130
0,0,130
0,0,130
0,0,130
0,0,130
0,0,130
0,0,130
0,0,130
0,0,130
0,0,130
0,0,130
0,0,130
0,0,130
0,0,130
0,0,130
0,0,130
0,0,130
0,0,130
0,0,130
0,0,130
0,0,130
0,0,130
0,0,130
0,0,130
0,0,130
0,0,130
0,0,130
0,0,130
0,0,130
0,112,130
127,0,130
0,0,130
0,0,130
0,0,130
0,0,130
0,0,130
0,112,130
127,0,130
0,16,130
0,0,130
0,0,130
0,0,130
0,0,130
0,0,130
0,0,130
0,0,130
0,0,130
0,0,130
0,0,130
0,0,130
0,0,130
0,16,130
0,0,130
0,0,130
0,0,130
0,0,130
0,0,130
0,0,130
0,0,130
0,0,130
0,0,130
0,0,130
0,0,130
0,0,130
0,0,130
0,0,130
0,0,130
0,16,130
0,0,130
0,0,130
0,0,130
0,0,130
0,0,130
0,0,130
0,0,130
0,0,130
0,0,130
0,0,130
0,0,130
0,0,130
0,0,130
0,0,130
0,0,130
0,0,130
0,0,130
0,0,130
0,0,130
0,0,130
0,0,130
0,0,130
0,0,130
0,0,130
0,0,130
0,0,130
0,0,130
0,0,130
0,0,130
0,0,130
0,0,130
64,0,130
0,0,130
0,0,130
0,0,130
0,0,130
0,0,130
0,0,130
0,0,130
0,112,130
127,0,130
0,16,130
0,0,130
0,0,130
0,0,130
0,0,130
0,0,130
0,0,130
0,0,130
0,0,130
0,0,130
0,0,130
0,0,130
0,0,130
0,0,130
0,0,130
0,0,130
0,0,130
0,0,130
0,0,130
0,0,130
0,0,130
0,0,130
0,0,130
0,0,146
0,0,130
0,0,130
0,0,130
0,0,130
0,0,130
0,0,130
0,0,130
0,0,130
0,16,130
0,0,130
0,0,130
0,0,130
0,0,130
0,0,130
0,0,130
0,0,130
0,0,130
0,0,130
0,0,130
0,0,130
0,0,130
0,0,130
0,0,130
0,0,130
0,0,130
0,0,130
0,0,130
0,0,130
0,4,130
0,0,130
0,0,130
0,16,130
0,0,130
0,0,130
0,0,130
0,0,130
0,2,130
0,0,130
0,0,130
0,0,130
0,0,130
0,0,130
0,0,130
0,0,130
0,0,130
0,0,130
0,0,130
0,0,130
0,0,130
0,0,130
0,0,130
0,0,130
0,0,130
0,0,130
0,0,130
0,0,130
0,0,130
0,0,130
0,0,130
0,0,130
0,0,130
0,0,130
0,0,130
0,16,130
0,0,130
0,0,130
0,0,130
0,0,130
0,0,130
0,0,130
0,0,130
0,0,130
0,0,130
0,0,130
0,0,130
0,0,130
0,0,130
0,0,130
0,0,130
0,0,130
0,0,130
0,0,130
0,0,130
0,0,130
0,0,130
0,0,130
0,0,130
0,0,130
0,0,130
0,0,130
0,0,130
0,0,130
0,0,130
0,0,130
0,0,130
0,0,130
0,0,130
0,0,130
0,0,130
0,0,130
0,0,130
0,0,130
0,0,130
0,1,130
0,0,130
0,0,130
0,0,130
0,0,130
0,112,130
127,0,130
0,0,130
0,0,130
0,0,130
0,0,130
0,0,130
0,0,130
0,0,130
0,0,130
0,0,130
0,0,130
0,0,130
0,0,130
0,0,130
0,0,130
0,0,130
0,0,130
0,0,130
0,0,130
0,0,130
0,0,130
0,0,130
0,0,130
0,112,130
127,0,130
0,0,130
0,0,130
0,0,48
0,130,0
0,130,0
0,130,0
0,130,0
0,130,0
0,130,0
0,130,0
0,130,0
0,130,0
0,130,0
0,130,0
0,130,0
0,130,0
0,130,127
112,130,0
0,130,0
0,130,0
0,130,0
0,130,0
0,130,0
0,130,0
0,130,0
0,130,0
0,130,0
0,130,0
0,130,0
0,130,0
0,130,0
0,130,0
0,130,0
0,130,0
0,130,0
0,130,0
0,130,0
0,130,0
0,130,0
0,130,0
0,130,0
0,130,0
0,130,0
0,130,0
0,130,0
0,130,0
0,130,0
0,130,0
0,130,0
0,130,0
0,130,0
0,130,0
0,130,0
0,130,0
16,130,0
0,130,0
0,130,127
112,130,0
0,130,0
0,130,0
0,130,0
0,130,0
0,130,0
0,130,0
0,130,0
0,130,0
0,130,0
0,130,0
0,130,0
0,130,0
0,130,0
0,130,0
0,130,0
0,130,127
112,130,0
1,130,0
0,130,0
0,130,0
0,130,0
0,130,0
0,130,0
0,130,0
0,130,127
112,130,0
0,130,0
0,130,0
0,130,0
0,130,0
0,130,0
16,130,0
0,130,0
0,130,0
0,130,0
0,130,0
0,130,0
0,130,0
0,130,0
0,130,0
0,130,0
0,146,0
0,130,0
0,130,0
0,130,0
0,130,0
0,130,0
16,130,0
0,130,0
0,130,0
0,130,0
0,130,0
0,130,0
0,130,0
0,130,0
0,130,0
0,130,0
0,130,0
0,130,0
0,130,0
0,130,127
112,130,0
0,130,0
0,130,0
0,130,0
0,130,0
0,130,0
1,130,0
0,130,0
0,130,0
0,130,0
0,130,0
0,130,0
0,130,0
0,130,0
0,130,0
0,130,0
0,130,0
0,130,0
0,130,0
0,130,0
0,130,127
112,130,0
0,130,0
0,130,0
0,130,0
0,130,0
0,130,0
0,130,0
0,130,0
0,130,127
112,130,0
0,130,0
0,130,0
16,130,0
0,130,0
0,130,0
0,130,0
0,130,0
0,130,0
0,130,127
112,130,0
0,130,0
0,130,0
0,130,0
16,130,0
0,130,0
0,130,0
0,130,0
0,130,0
0,130,0
0,130,0
0,130,0
0,130,0
0,130,0
0,130,0
0,130,0
0,130,0
0,130,0
0,130,0
32,130,0
0,130,0
0,130,0
0,130,0
0,130,0
0,130,0
0,130,0
0,130,0
0,130,0
0,130,0
0,130,0
0,130,0
0,130,0
0,130,0
0,130,0
0,130,0
0,130,0
0,130,0
0,130,0
0,130,0
0,130,0
0,130,0
0,130,0
0,130,0
0,130,0
0,0,0
130,0,0
130,0,0
130,0,0
130,0,0
130,0,0
130,0,0
130,0,0
130,0,0
130,0,0
130,0,0
130,0,0
130,0,0
130,0,0
130,0,0
130,127,112
130,0,0
130,0,0
130,0,0
130,0,0
130,0,0
130,0,0
130,0,0
130,0,0
130,0,0
130,0,0
130,0,0
130,0,0
130,0,0
130,0,0
130,0,0
130,127,112
130,0,0
130,0,0
130,0,0
130,0,130
0,0,130
0,0,130
0,0,130
0,0,130
0,0,130
0,0,130
0,0,130
0,0,130
0,0,130
0,0,130
0,0,130
0,0,130
0,0,130
0,0,130
0,0,130
0,112,130
127,0,130
0,0,130
0,0,130
0,0,130
0,0,130
0,0,130
0,0,130
0,0,130
0,130,0
0,130,0
0,130,0
0,130,0
0,130,0
0,130,0
0,130,0
0,130,0
16,130,0
0,130,0
0,130,0
0,130,0
0,130,0
0,130,0
0,130,0
0,130,0
0,130,0
0,130,0
0,130,0
0,130,0
0,130,0
0,130,0
0,130,0
0,130,0
0,130,0
0,130,0
0,130,0
0,130,0
16,130,0
0,130,0
0,130,0
0,130,0
0,130,0
0,130,0
0,130,0
0,130,0
0,130,0
0,130,0
0,130,0
0,130,0
0,130,0
0,130,0
0,130,0
0,130,0
0,130,0
0,130,0
16,130,0
0,130,0
0,0,0
130,0,0
130,0,0
130,0,0
130,0,0
130,127,112
130,0,0
130,0,0
130,0,0
130,0,0
130,0,0
130,0,0
130,0,0
130,0,0
130,0,0
130,0,0
130,0,0
130,0,0
130,0,0
130,0,0
130,0,0
130,0,0
130,0,0
130,0,0
130,0,0
130,0,0
130,0,0
130,0,0
130,0,0
130,0,0
130,0,0
130,0,0
130,0,0
130,0,0
130,0,0
130,0,0
130,0,0
130,0,0
130,0,0
130,0,0
130,0,16
130,0,0
130,0,0
130,0,0
130,0,0
130,0,0
130,0,0
130,0,0
130,0,0
130,0,0
130,0,0
130,0,0
130,0,16
130,0,0
130,0,0
130,0,0
130,0,0
130,0,0
130,0,0
130,0,0
130,0,0
130,0,0
130,0,0
130,0,0
130,0,0
130,0,0
130,0,0
130,0,0
130,0,0
130,0,0
130,0,0
130,0,0
130,0,0
130,0,0
130,0,0
130,0,0
130,0,0
130,0,0
130,0,0
130,0,0
130,127,112
130,0,0
130,0,0
130,0,32
130,0,0
130,0,0
130,0,0
130,0,0
130,0,0
130,0,0
130,0,0
130,0,0
130,0,0
130,0,0
130,0,0
130,0,0
130,0,0
130,0,0
130,0,0
130,0,0
130,127,112
130,0,0
130,0,0
130,0,0
130,0,0
130,0,0
130,0,0
130,0,0
130,0,0
130,0,0
130,0,0
130,0,0
130,0,0
130,0,0
130,0,0
130,0,0
130,0,0
130,0,0
130,0,0
130,0,0
130,0,0
130,0,0
130,0,0
130,0,0
130,127,112
130,0,0
130,127,112
130,0,0
130,0,0
130,0,0
130,0,0
130,0,0
130,0,0
130,0,16
130,0,0
130,0,0
130,0,0
130,0,0
130,0,0
130,0,0
130,0,0
130,0,0
130,0,0
130,0,0
130,0,0
130,0,0
130,0,0
130,0,0
130,0,0
130,0,0
130,0,0
130,0,0
130,0,0
130,0,0
130,0,0
130,0,0
130,0,0
130,0,0
130,0,0
130,0,0
130,0,0
130,0,0
130,0,0
130,0,0
130,127,112
130,0,0
130,0,0
130,0,0
130,0,0
130,0,0
130,0,0
130,0,0
130,0,0
130,0,0
130,0,0
130,0,0
130,0,16
130,0,0
130,0,0
130,0,0
130,0,0
130,0,0
130,0,0
130,0,0
130,0,0
130,0,0
130,0,0
130,0,0
130,0,0
130,0,0
130,0,0
130,0,0
130,0,0
130,0,0
130,0,0
130,0,0
130,0,0
130,0,0
130,0,0
130,0,0
130,127,112
130,0,0
130,0,0
130,0,0
130,0,0
130,0,0
130,0,0
130,0,0
130,0,0
130,0,0
130,0,0
130,0,0
130,0,0
130,0,0
130,0,0
130,0,0
130,0,0
130,0,0
130,0,0
130,0,0
130,0,0
130,0,0
130,0,0
130,0,0
130,0,0
130,0,0
130,0,0
130,0,0
130,0,0
130,0,0
130,0,0
130,0,0
130,0,0
130,0,0
130,0,0
130,0,0
130,0,0
130,0,0
130,0,0
130,0,0
130,0,0
130,0,0
130,0,0
130,0,0
130,0,0
130,0,0
194,0,0
130,0,0
130,0,0
130,0,0
130,0,0
130,0,0
130,0,0
130,0,0
130,0,0
130,0,0
130,0,0
130,127,112
130,0,0
130,0,0
130,0,0
130,0,0
130,0,0
130,0,0
130,0,0
130,0,0
130,0,0
130,0,0
130,0,0
130,0,0
130,0,0
130,0,0
130,0,16
130,0,0
130,127,112
130,0,0
130,0,0
130,0,0
130,0,0
130,0,0
130,0,0
130,0,0
130,0,0
130,0,0
130,0,0
130,0,0
130,0,0
130,0,0
130,0,16
130,0,0
130,0,0
130,0,0
130,0,0
130,0,0
130,0,0
130,0,0
130,0,0
130,0,0
130,0,0
130,0,0
130,0,0
130,0,0
130,0,0
130,0,0
130,0,0
130,0,0
130,0,0
130,0,0
130,0,0
130,0,0
130,0,0
130,0,0
130,127,112
130,0,0
130,0,0
130,0,0
130,0,0
130,0,0
130,0,0
130,0,0
130,0,0
130,0,0
130,0,0
130,0,0
130,0,0
130,0,0
130,0,0
130,0,0
130,0,0
130,0,0
130,0,0
130,0,0
130,127,112
130,0,0
130,0,0
130,0,0
130,0,130
0,0,130
0,0,130
0,0,130
0,0,130
0,0,130
0,0,130
0,112,130
127,0,130
0,0,130
0,0,130
0,16,130
0,0,130
4,0,130
0,0,130
0,0,130
0,0,130
0,112,130
127,0,130
0,0,130
0,0,130
0,0,130
0,0,130
0,0,130
0,0,130
0,0,130
0,0,130
0,0,130
0,0,130
0,0,130
0,0,130
0,0,130
0,112,130
127,0,130
0,0,130
0,0,130
0,0,130
0,0,130
0,0,130
0,0,130
0,0,130
0,0,130
0,0,130
0,0,130
0,0,130
0,0,130
0,0,130
0,0,130
0,0,130
0,0,130
0,0,130
0,0,130
0,16,130
0,0,130
0,0,130
0,0,130
0,0,130
0,0,130
0,112,130
127,0,130
0,0,130
0,0,130
0,0,130
0,0,130
0,0,130
0,16,130
0,0,130
0,0,130
0,0,130
0,0,130
0,0,130
0,0,130
0,0,130
0,0,130
0,0,130
0,0,130
0,0,130
0,0,130
0,0,130
0,0,48
0,130,0
0,130,0
0,130,0
0,130,0
0,130,0
0,130,0
0,130,0
0,146,0
0,130,0
0,130,0
0,130,0
0,130,0
0,130,0
0,130,0
0,130,0
0,130,0
0,130,0
0,130,0
0,130,0
0,130,0
0,130,0
0,130,0
0,130,0
0,130,0
0,130,0
0,130,0
0,130,0
0,130,0
0,130,0
0,130,0
0,130,0
0,130,127
112,130,0
0,130,0
0,130,0
0,130,0
0,130,0
16,130,0
0,130,0
0,130,0
0,130,0
0,130,0
0,130,0
0,130,0
0,130,0
0,130,0
0,130,0
0,130,0
0,130,0
0,130,0
0,130,0
0,130,0
0,130,0
0,162,0
16,130,0
0,130,0
0,130,0
0,130,0
0,130,0
0,130,0
0,130,0
0,130,0
0,130,0
0,130,0
0,130,0
0,130,0
0,130,0
0,130,0
0,130,0
0,130,0
0,130,0
0,130,0
0,130,0
0,130,0
0,130,0
0,130,0
0,130,0
16,130,0
16,130,0
0,130,0
0,130,127
112,130,0
0,130,0
0,130,0
0,130,0
0,130,0
0,130,0
0,130,0
0,130,0
0,130,0
0,130,0
0,130,0
0,130,0
0,130,0
0,130,0
0,130,0
0,130,0
0,130,0
0,130,0
0,130,0
0,130,0
0,130,0
0,130,0
0,130,0
0,130,0
0,130,0
0,130,0
0,130,127
112,130,0
0,130,0
0,130,0
0,130,0
0,130,0
0,130,0
0,130,0
0,130,0
0,130,0
0,130,0
0,130,0
0,130,0
0,130,0
0,130,127
112,130,0
0,130,0
0,130,0
0,130,0
0,130,0
16,130,0
0,130,0
0,130,0
0,130,0
0,130,127
112,130,0
0,130,127
112,130,0
0,130,0
0,130,0
0,130,0
16,130,0
0,130,0
0,130,0
0,130,0
0,130,0
0,130,0
0,130,0
0,130,0
0,130,0
0,130,0
0,130,0
0,130,0
0,130,0
0,130,0
0,130,0
0,130,0
0,130,0
0,130,0
0,130,0
0,130,0
0,130,0
0,130,0
0,130,0
0,162,0
0,48,0
0,0,0
130,0,0
130,0,0
130,0,0
130,0,0
130,0,0
130,127,112
130,0,0
130,0,0
130,127,112
130,0,0
130,0,0
130,0,0
130,0,0
130,0,0
130,0,0
130,0,0
130,0,0
130,0,0
130,0,0
130,0,0
130,0,0
130,0,0
130,0,0
130,0,0
130,0,0
130,0,0
130,0,0
130,0,0
130,0,0
130,0,0
130,0,0
130,0,0
130,0,0
130,0,0
130,0,0
130,0,0
130,0,0
130,0,0
130,0,0
130,0,0
130,0,0
130,0,0
130,0,0
130,0,0
130,0,0
130,0,0
130,0,0
130,0,0
130,0,0
130,0,0
130,0,0
130,0,0
130,0,0
130,0,0
130,0,0
130,0,0
130,0,0
130,0,0
130,0,0
130,0,16
130,0,0
130,0,0
130,0,0
130,0,0
130,0,0
130,0,0
130,0,0
130,0,0
130,0,0
130,0,0
130,0,0
130,0,0
130,0,0
130,0,0
130,0,0
130,0,0
130,0,0
130,0,0
130,0,0
130,0,0
130,0,0
130,0,0
130,127,112
130,0,0
130,0,0
130,0,0
130,0,0
130,0,0
130,0,0
130,0,0
130,127,112
130,0,0
130,127,112
130,0,0
130,0,0
130,0,0
130,0,0
130,0,0
130,0,0
130,0,0
130,0,0
130,0,16
130,0,0
130,0,0
130,0,0
130,0,0
130,0,0
130,0,0
130,0,0
130,0,0
130,0,0
130,0,0
130,0,0
130,0,0
130,0,0
130,0,0
130,0,0
130,0,0
130,0,0
130,0,0
130,0,0
130,0,0
130,0,0
130,0,0
130,0,0
130,0,0
130,127,112
130,0,0
130,0,0
130,0,0
130,0,0
130,0,0
130,0,0
130,0,0
130,0,0
130,0,0
130,0,0
130,0,0
130,0,0
130,0,0
130,0,0
130,0,0
130,0,0
130,0,0
130,0,0
130,0,0
130,130,0
0,130,0
0,130,0
0,130,0
0,130,0
0,130,0
0,130,0
0,130,0
0,130,0
2,130,127
112,130,0
0,130,0
0,130,127
112,130,0
0,130,0
0,130,0
0,0,130
0,0,130
0,0,130
0,0,130
0,0,130
0,0,130
0,0,130
0,0,130
0,0,130
0,0,130
0,0,130
0,0,130
0,0,130
0,0,130
0,0,130
0,0,130
0,0,130
0,0,130
0,16,130
0,0,130
0,0,130
0,0,130
0,0,130
0,0,130
0,0,130
0,0,130
0,0,130
0,0,130
0,0,130
0,0,130
0,112,130
127,0,130
0,0,130
0,112,130
127,0,130
0,0,130
0,0,130
0,112,130
127,0,130
0,0,130
0,0,130
0,0,130
0,0,130
0,0,130
0,0,130
0,112,130
127,0,130
0,0,130
0,0,130
0,0,130
0,0,130
0,0,130
0,0,130
0,0,130
0,0,130
0,0,130
0,0,130
0,0,130
0,0,130
0,0,130
0,0,130
0,0,130
0,0,130
0,0,130
0,112,130
127,0,130
0,0,0
130,0,0
130,0,0
130,0,0
130,0,0
130,0,0
130,0,0
130,0,0
130,0,0
130,0,0
130,0,0
130,127,112
130,0,0
130,127,112
130,0,0
130,0,0
130,0,0
130,0,0
130,0,0
130,0,0
130,0,0
130,0,0
130,0,0
130,0,0
130,0,0
130,0,0
130,0,0
130,0,0
130,0,0
130,0,0
130,127,112
130,127,112
130,0,0
130,0,0
130,0,0
130,0,0
130,0,0
130,0,0
130,0,0
130,127,112
130,127,112
130,127,112
130,127,112
130,127,112
130,127,112
130,127,112
130,127,112
130,127,112
130,127,112
130,127,112
130,127,112
130,0,0
130,127,112
130,127,112
130,127,112
130,127,112
130,127,112
130,127,112
130,127,112
130,127,112
130,127,112
130,127,112
130,127,96
130,127,112
130,127,112
130,127,96
130,127,96
130,127,112
130,127,96
130,127,112
130,127,112
130,127,112
130,127,112
130,127,96
130,127,112
130,127,96
130,127,96
130,127,96
130,127,96
130,127,96
130,127,96
130,127,96
130,127,96
130,127,96
130,127,96
130,127,96
130,127,80
130,127,80
130,127,96
130,127,96
130,127,96
130,127,96
130,127,80
130,127,96
130,127,96
130,127,80
130,127,96
130,127,80
130,130,127
80,130,127
96,130,127
80,130,127
80,130,127
80,130,127
80,130,127
80,130,127
80,130,127
80,130,127
80,130,127
80,130,127
80,130,127
80,130,127
64,130,127
48,130,127
64,130,127
64,130,127
80,130,127
64,130,127
80,130,127
80,130,127
64,130,127
64,130,127
48,130,127
48,130,127
48,130,127
64,130,127
48,130,127
80,130,127
64,130,127
32,127,80
130,127,64
130,127,48
130,127,32
130,127,16
130,126,96
130,126,96
130,80,130
126,96,130
125,80,130
125,48,130
123,48,130
123,48,130
123,64,130
123,48,130
123,32,130
123,16,130
123,32,130
123,112,130
122,116,130
122,0,130
123,80,130
122,48,130
122,48,130
122,0,130
122,112,130
121,112,130
121,112,130
121,112,130
121,112,130
121,112,130
121,96,130
121,112,130
121,80,130
121,80,130
121,80,130
121,80,130
121,80,130
121,80,130
121,64,130
121,64,130
121,64,130
121,64,130
121,48,130
121,64,130
121,64,130
121,48,130
121,64,130
121,48,130
121,48,130
121,48,130
121,64,130
121,64,130
121,48,130
121,32,130
121,32,130
121,48,130
121,16,130
121,32,130
121,48,130
121,16,130
121,32,130
121,32,130
121,16,130
121,16,130
121,16,130
121,0,130
121,16,130
121,16,130
121,16,130
121,16,130
121,0,130
121,16,130
121,0,130
121,0,130
121,0,130
121,0,130
121,112,130
120,112,130
120,0,130
121,0,130
121,0,130
121,112,130
120,0,130
121,112,130
120,112,130
120,112,130
120,112,130
120,112,130
120,96,130
120,112,130
120,112,130
120,112,130
120,112,130
120,112,130
120,112,130
120,96,130
120,96,130
120,96,130
120,96,130
120,96,130
120,96,130
120,96,130
120,112,130
120,96,130
120,96,130
120,80,130
120,80,130
120,80,130
120,96,130
120,96,130
120,96,130
120,80,130
120,80,130
120,80,130
120,64,130
120,64,130
120,80,130
120,80,130
120,80,130
120,80,130
120,80,130
120,64,130
120,80,130
120,64,130
120,64,130
120,64,130
120,64,130
120,64,130
120,48,130
120,64,130
120,80,130
120,64,130
120,64,130
120,64,130
120,64,130
120,48,130
120,48,130
120,64,130
120,64,130
120,48,130
120,64,130
120,64,130
120,64,130
120,48,130
120,48,130
120,48,130
120,48,130
120,48,130
120,64,130
120,48,130
120,64,130
120,48,130
120,48,130
120,48,130
120,48,130
120,48,130
120,16,130
120,32,130
120,32,130
120,48,130
120,32,130
120,32,130
120,32,130
120,32,130
120,64,130
120,32,130
120,32,130
120,32,130
120,32,130
120,32,130
120,16,130
120,32,130
120,32,130
120,32,130
120,32,130
120,32,130
120,32,130
120,16,130
120,16,130
120,16,130
120,0,130
120,16,130
120,16,48
0,130,120
0,130,120
16,130,120
32,130,120
16,130,120
32,130,120
32,130,120
0,130,120
16,130,120
32,130,120
16,130,120
16,130,120
16,130,120
0,130,120
0,130,120
16,130,120
0,130,120
0,130,120
0,130,120
0,130,120
0,130,120
0,130,119
112,130,120
0,130,120
0,130,120
0,130,120
0,130,120
0,130,120
0,130,119
112,130,120
0,130,120
0,130,120
0,130,120
0,130,119
112,130,120
0,130,120
0,130,119
112,130,120
0,130,119
112,130,119
112,130,119
96,130,119
112,48,0
112,119,112
130,120,0
130,120,0
130,119,112
130,120,0
130,119,112
130,119,112
130,119,112
130,119,112
130,120,0
130,119,112
130,119,112
130,119,112
130,119,112
130,119,112
130,119,112
130,119,112
130,119,112
130,119,112
130,119,112
130,119,112
130,119,112
130,119,112
146,119,112
130,119,112
130,120,0
130,119,112
130,119,112
130,119,112
130,119,96
130,119,112
130,119,96
130,119,112
130,119,112
130,119,112
130,119,112
130,119,112
130,119,96
130,119,112
130,119,96
130,119,112
130,119,96
130,119,96
130,119,112
130,119,96
130,119,112
130,119,112
130,119,112
130,119,96
130,119,96
130,119,96
130,119,96
130,119,96
130,119,96
130,119,96
130,119,96
130,119,112
130,119,112
130,119,112
130,119,96
130,119,96
130,119,96
130,119,80
130,119,112
130,119,96
130,119,96
130,119,96
130,119,96
130,119,96
130,119,80
130,119,80
130,119,80
130,119,80
130,119,80
130,119,80
130,119,112
130,119,80
130,119,80
130,119,80
130,119,96
130,119,96
130,119,96
130,119,96
130,119,80
130,119,96
130,119,96
130,119,96
130,119,112
130,119,96
130,119,96
130,119,96
130,119,96
130,119,80
130,119,80
130,119,80
130,119,80
130,119,80
130,119,80
130,119,80
130,119,80
130,119,64
130,119,80
130,119,64
130,119,80
130,119,48
130,119,64
130,119,64
130,119,80
130,119,64
130,119,64
130,119,48
130,130,119
64,130,119
64,130,119
80,130,119
64,130,119
64,130,119
64,130,119
64,130,119
48,130,119
49,130,119
48,130,119
48,130,119
64,130,119
48,130,119
48,130,119
32,130,119
32,130,119
32,49,0
32,119,48
130,119,32
130,119,32
130,119,16
130,119,32
130,119,32
130,119,16
130,119,16
130,119,16
130,119,16
130,119,16
130,119,0
130,119,16
130,119,16
130,119,0
130,119,0
130,118,112
130,119,0
130,118,112
130,118,112
130,119,0
130,118,112
130,119,0
130,118,96
130,118,112
130,118,96
130,118,96
130,118,80
130,118,96
130,118,80
130,118,80
130,118,96
130,118,80
130,118,80
130,118,80
130,118,80
130,118,64
130,118,64
130,118,64
130,118,48
130,118,64
130,118,80
130,118,64
130,118,64
130,118,64
130,118,48
130,118,48
130,118,64
130,118,64
130,118,64
130,118,64
130,118,32
130,118,64
130,118,64
130,118,48
130,118,48
130,118,32
130,118,48
130,118,48
130,118,48
130,118,32
130,118,32
130,118,32
130,118,32
130,118,16
130,118,32
130,118,16
130,118,32
130,118,32
130,118,48
130,118,32
130,118,32
130,118,32
130,118,32
130,118,16
130,118,16
130,118,16
130,118,16
130,118,32
130,118,16
130,118,16
130,118,16
130,118,16
130,118,0
130,118,16
130,118,16
130,118,16
130,118,16
130,118,16
130,118,0
130,118,16
130,118,16
130,118,0
130,118,16
130,118,16
130,118,16
130,118,16
130,118,16
130,118,0
130,118,32
130,16,32
48,0,130
118,32,130
118,0,130
118,0,130
118,16,130
118,0,130
118,0,130
118,0,130
118,16,130
118,0,130
118,0,130
118,0,130
118,0,130
118,16,130
118,0,130
118,0,130
118,0,130
118,0,130
118,0,130
118,0,130
118,0,130
118,0,130
118,112,130
117,0,130
118,0,130
118,0,130
118,112,130
117,112,130
117,96,130
117,114,130
117,112,130
117,112,130
117,112,130
117,112,130
117,112,130
117,112,130
117,96,130
117,112,130
117,112,130
117,96,130
117,96,130
117,112,130
117,96,130
117,80,130
117,80,130
117,80,130
117,80,130
117,96,130
117,80,130
117,80,130
117,96,130
117,96,130
117,80,130
117,80,130
117,80,130
117,80,130
117,80,130
117,80,130
117,80,130
117,80,130
117,80,130
117,64,130
117,80,130
117,64,130
117,64,130
117,96,130
117,80,130
117,64,130
117,80,130
117,64,130
117,64,130
117,64,130
117,64,130
117,64,130
117,64,130
117,64,130
117,64,130
117,64,130
117,64,130
117,64,130
117,64,130
117,48,130
117,32,130
117,48,130
117,48,130
117,48,130
117,48,130
117,32,130
117,32,130
117,48,130
117,16,130
117,48,130
117,16,130
117,0,130
117,16,130
117,0,130
117,0,130
117,16,130
117,32,130
117,16,130
117,32,130
117,16,130
117,16,130
117,16,130
117,0,130
117,16,130
117,0,130
117,16,130
117,112,130
116,0,130
117,112,130
116,0,130
117,112,130
116,16,130
117,0,130
117,16,130
117,0,130
117,112,130
116,0,130
117,112,130
116,112,130
116,112,130
116,112,130
116,112,130
116,112,130
116,0,130
117,112,130
116,112,130
116,0,130
117,0,130
117,112,130
116,112,130
116,112,130
116,96,130
116,96,130
116,96,130
116,112,130
116,80,130
116,112,130
116,112,130
116,96,130
116,96,130
116,112,130
116,96,130
116,112,130
116,80,130
116,80,130
116,80,130
116,64,130
116,80,130
116,64,130
116,64,130
116,48,130
116,64,130
116,64,130
116,64,130
116,64,130
116,48,130
116,48,130
116,32,130
116,48,130
116,32,130
116,32,130
116,48,130
116,32,130
116,32,130
116,32,130
116,16,130
116,16,130
116,32,130
116,16,130
116,16,130
116,16,130
116,0,130
116,96,130
115,16,130
116,16,130
116,16,130
116,0,130
116,112,130
115,0,130
116,112,130
115,0,130
116,112,130
115,0,130
116,0,130
116,112,130
115,112,130
115,112,130
115,112,130
115,112,130
115,0,130
116,112,130
115,112,130
115,112,130
115,96,130
115,96,48
0,130,115
112,130,115
112,130,115
112,130,115
112,130,115
80,130,115
96,130,115
80,130,115
96,130,115
80,130,115
96,130,115
96,130,115
80,130,115
96,130,115
96,130,115
96,194,115
64,130,115
80,130,115
80,130,115
80,130,115
80,130,115
80,130,115
80,130,115
96,130,115
80,130,115
48,130,115
80,130,115
64,130,115
80,130,115
80,130,115
64,130,115
64,130,115
64,130,115
80,130,115
80,130,115
80,130,115
96,130,115
80,130,115
64,130,115
80,130,115
64,130,115
64,130,115
64,130,115
64,130,115
64,130,115
80,130,115
80,130,115
80,130,115
80,130,115
80,130,115
64,130,115
80,130,115
64,130,115
64,130,115
64,130,115
64,130,115
64,80,130
115,64,130
115,64,130
115,64,130
115,80,130
115,80,130
115,64,130
115,65,130
115,64,130
115,64,130
115,48,130
115,48,130
115,64,130
115,64,130
115,64,130
115,48,130
115,48,130
115,48,130
115,48,130
115,48,130
115,48,130
115,64,130
115,48,130
115,48,130
115,49,130
115,48,130
115,48,130
115,32,130
115,48,130
115,48,130
115,48,130
115,48,130
115,32,130
115,32,130
115,32,130
115,32,130
115,32,130
115,16,130
115,16,130
115,32,130
115,32,130
115,32,130
115,16,130
115,16,130
115,16,130
115,16,130
115,16,130
115,16,130
115,16,130
115,16,130
115,16,130
115,16,130
115,16,130
115,0,130
115,0,130
115,16,130
115,0,130
115,0,130
115,0,130
115,16,130
115,16,130
115,0,130
115,0,130
115,0,130
115,112,130
114,0,130
115,16,130
115,0,130
115,0,130
115,0,130
115,112,130
114,112,130
114,0,130
115,0,130
115,0,130
115,0,130
115,112,130
114,0,130
115,0,130
115,112,130
114,0,130
115,112,130
114,112,130
114,112,130
114,130,114
112,130,115
0,130,114
112,130,114
112,130,114
112,130,114
112,130,114
96,130,114
112,130,114
112,130,114
112,130,114
112,130,114
112,130,114
112,130,114
96,130,114
112,130,114
112,112,130
114,112,130
114,112,130
114,96,130
114,96,130
114,96,130
114,96,130
114,96,130
114,96,130
114,96,130
114,112,130
114,96,130
114,96,130
114,96,130
114,96,130
114,96,130
114,96,130
114,80,130
114,80,130
114,64,130
114,80,130
114,80,130
114,80,130
114,80,130
114,82,130
114,80,130
114,80,130
114,80,130
114,64,130
114,80,130
114,80,130
114,80,130
114,66,130
114,64,130
114,80,130
114,64,130
114,64,130
114,64,130
114,64,130
114,64,130
114,64,130
114,64,130
114,64,130
114,64,130
114,48,130
114,64,130
114,32,130
114,48,130
114,48,130
114,48,130
242,48,130
114,32,130
114,32,130
114,32,130
114,32,130
114,32,130
114,32,130
114,48,130
114,32,130
114,16,130
114,16,130
114,0,130
114,16,130
114,16,130
114,16,130
114,16,130
114,0,130
114,16,130
114,0,130
114,0,130
114,0,130
114,0,130
114,112,130
113,96,130
113,112,130
113,96,130
113,112,130
113,112,130
113,112,130
113,112,130
113,112,130
113,96,130
113,96,130
113,96,130
113,96,130
113,96,130
113,80,130
113,80,130
113,80,130
113,80,130
113,80,130
113,80,130
113,64,130
113,64,130
113,64,130
113,64,130
113,64,130
113,64,130
113,48,130
113,48,130
113,48,130
113,48,130
113,64,130
113,32,130
113,32,130
113,32,130
113,32,130
113,16,130
113,16,130
113,16,130
113,16,130
113,16,130
113,16,130
113,16,130
113,16,130
113,0,130
113,16,130
113,16,130
113,113,0
130,113,0
130,112,112
130,112,112
130,112,96
130,112,112
130,112,112
130,112,96
130,112,112
130,112,112
130,112,112
130,112,96
130,112,96
130,112,112
130,112,96
130,112,96
130,112,96
130,112,112
130,112,112
130,112,96
130,112,80
130,112,80
130,96,130
112,80,130
112,96,130
112,96,130
112,96,130
112,96,130
112,80,130
112,112,64
130,112,64
130,112,64
130,112,64
130,112,64
130,112,48
130,112,48
130,112,48
130,112,48
130,112,32
130,112,32
130,112,32
130,112,32
130,112,16
130,112,16
130,112,16
130,112,32
130,112,16
130,112,0
130,112,16
130,112,0
130,111,112
130,112,0
130,111,112
130,112,0
130,111,112
130,111,112
130,111,112
130,111,112
130,111,112
130,111,96
130,111,96
130,111,96
130,111,96
130,111,96
130,111,80
130,111,64
130,111,64
130,111,64
130,111,64
130,111,64
130,111,48
130,111,64
130,111,48
130,111,32
130,111,48
130,111,48
130,111,32
130,111,16
130,111,32
130,111,32
130,111,16
130,111,16
130,111,16
130,111,0
130,111,16
130,111,16
130,111,0
130,111,0
130,111,0
130,111,0
130,111,0
130,111,0
130,110,112
130,110,112
130,110,112
130,110,112
130,110,96
130,110,80
130,110,96
130,110,96
130,110,80
130,110,80
130,110,80
130,110,64
130,110,64
130,110,64
130,110,64
130,110,48
130,110,64
130,110,48
130,110,48
130,110,32
130,110,32
130,110,32
130,110,48
130,110,48
130,110,48
130,110,32
130,110,48
130,110,32
130,110,32
130,110,32
130,110,32
130,110,33
130,110,16
130,110,16
130,110,16
130,109,112
130,110,0
130,110,0
130,110,0
130,110,0
130,109,112
130,109,112
130,109,112
130,109,112
130,109,112
130,109,96
130,109,112
130,109,96
130,109,96
130,109,96
130,109,80
130,109,80
130,130,109
80,130,109
64,130,109
48,130,109
64,130,109
64,130,109
80,130,109
64,130,109
64,130,109
48,130,109
64,130,109
48,130,109
48,130,109
48,130,109
48,130,109
32,130,109
48,130,109
32,130,109
32,130,109
32,130,109
32,130,109
32,130,109
32,130,109
16,130,109
16,130,109
16,130,109
0,130,109
0,130,109
0,130,109
0,130,109
16,130,109
0,130,108
112,130,109
16,130,109
0,130,108
112,130,108
112,130,108
112,130,108
80,130,108
112,130,108
96,130,108
96,130,108
96,130,108
96,130,108
80,130,108
80,146,108
80,130,108
96,130,108
80,130,108
64,64,130
108,64,130
108,64,130
108,64,130
108,64,130
108,64,130
108,48,130
108,64,130
108,64,130
108,64,130
108,32,130
108,48,130
108,48,130
108,64,130
108,48,130
108,48,130
108,48,130
108,48,130
108,32,130
108,48,130
108,32,130
108,48,130
108,32,130
108,48,130
108,32,130
108,32,130
108,48,130
108,32,130
108,48,130
108,32,130
108,32,130
108,32,130
108,48,130
108,32,130
108,32,130
108,32,130
108,32,130
108,130,108
16,130,108
32,130,108
32,130,108
16,130,108
16,130,108
16,130,108
16,130,108
16,130,108
0,130,108
16,130,108
0,130,108
32,130,108
32,130,108
32,130,108
16,130,108
32,130,108
16,130,108
16,130,108
18,130,108
16,130,108
0,130,108
16,130,108
0,130,108
16,130,108
16,130,108
16,130,108
0,130,108
0,130,107
112,130,108
0,130,108
0,130,108
0,130,107
112,130,108
0,130,107
96,130,107
112,130,107
96,130,107
112,130,107
112,130,107
96,130,107
96,130,107
96,130,107
80,130,107
80,130,107
80,130,107
80,130,107
96,130,107
64,130,107
64,130,107
80,130,107
64,130,107
64,130,107
80,130,107
64,48,0
64,107,80
130,107,64
130,107,64
130,107,64
130,107,64
130,107,64
130,107,64
130,107,48
130,107,48
130,107,64
130,107,48
130,107,64
130,107,48
130,107,48
130,107,48
130,107,32
130,107,48
130,107,48
130,107,32
130,107,16
130,107,32
130,107,32
130,107,32
130,107,32
130,107,16
130,107,32
130,107,16
130,107,16
130,107,32
130,107,32
130,107,16
130,107,32
130,107,32
130,107,16
130,107,16
130,107,16
130,107,16
130,107,32
130,107,16
130,107,16
130,107,16
130,107,16
130,107,32
130,107,16
130,107,16
130,107,16
130,107,16
130,107,0
130,107,16
130,107,16
130,107,0
130,107,16
130,107,16
130,107,0
130,107,0
130,107,0
130,107,0
130,107,0
130,107,0
130,45,0
130,0,130
107,0,130
107,0,130
107,112,130
106,112,130
106,0,130
107,0,130
107,0,130
107,0,130
107,0,130
107,112,130
106,0,130
107,112,130
106,112,130
106,112,130
106,112,130
106,112,130
106,112,130
106,112,130
106,96,130
106,112,130
106,112,130
106,112,130
106,96,130
106,96,130
106,81,130
106,96,130
106,96,130
106,96,130
106,96,130
106,96,130
106,96,130
106,96,130
106,96,130
106,96,130
106,96,130
106,96,130
106,80,130
106,80,130
106,80,130
106,80,130
106,64,130
106,80,130
106,80,130
106,80,130
106,80,130
106,80,130
106,80,130
106,64,130
106,80,130
106,64,130
106,64,130
106,80,130
106,80,130
106,80,130
106,64,130
106,64,130
106,64,130
106,64,130
106,64,130
106,80,130
106,80,130
106,64,130
106,64,130
106,64,130
106,64,130
106,64,130
106,64,130
106,48,130
106,64,130
106,64,130
106,130,106
64,130,106
48,130,106
64,130,106
48,130,106
48,130,106
32,130,106
48,130,106
64,130,106
48,130,106
48,130,106
48,130,106
80,130,106
48,130,106
48,130,106
48,130,106
48,130,106
48,130,106
32,130,106
32,130,106
48,130,106
32,130,106
48,130,106
48,130,106
32,130,106
32,130,106
16,130,106
32,130,106
48,130,106
32,130,106
32,130,106
16,130,106
16,130,106
32,130,106
32,130,106
16,130,106
0,130,106
16,130,106
16,130,106
0,130,106
16,130,106
16,130,106
16,130,105
112,130,106
0,130,106
16,130,106
0,130,105
112,130,106
0,130,105
112,130,105
112,130,105
112,130,105
112,130,105
112,130,106
0,130,106
0,130,106
0,130,105
112,130,105
96,130,105
96,130,105
80,130,105
112,130,105
112,130,105
96,130,105
96,130,105
112,130,105
112,130,105
80,130,105
112,130,105
96,130,105
96,130,105
96,130,105
96,130,105
80,130,105
96,130,105
96,130,105
80,130,105
96,130,105
96,130,105
80,130,105
80,130,105
80,130,105
80,130,105
80,130,105
64,130,105
80,130,105
64,130,105
64,130,105
48,130,105
64,130,105
64,130,105
64,130,105
48,130,105
64,130,105
48,130,105
48,130,105
48,130,105
48,130,105
32,130,105
48,130,105
32,130,105
32,130,105
16,130,105
32,130,105
48,130,105
16,130,105
16,130,105
16,130,105
16,130,105
16,130,105
16,130,105
16,130,105
16,130,105
0,130,105
0,130,105
16,130,104
112,130,105
0,130,104
112,130,104
112,130,105
0,130,104
112,130,104
112,130,104
96,130,104
112,130,104
96,130,104
96,130,104
96,130,104
96,130,104
96,130,104
112,130,104
96,130,104
112,130,104
80,130,104
80,130,104
96,130,104
80,130,104
112,130,104
80,130,104
80,130,104
80,130,104
80,130,104
80,130,104
96,130,104
80,130,104
80,130,104
80,130,104
64,130,104
64,130,104
80,130,104
48,130,104
80,130,104
64,130,104
80,130,104
64,130,104
64,130,104
64,130,104
64,130,104
80,130,104
80,130,104
80,130,104
64,130,104
64,130,104
64,130,104
64,130,104
64,130,104
48,130,104
64,130,104
64,130,104
32,130,104
48,130,104
48,130,104
48,130,104
48,130,104
48,130,104
48,130,104
16,130,104
32,130,104
32,130,104
32,130,104
16,130,104
16,130,104
16,130,104
16,130,104
0,130,104
16,130,104
16,130,104
16,130,104
0,130,104
16,130,104
16,130,104
16,130,104
0,130,104
0,130,104
0,130,104
0,130,104
0,130,103
112,130,104
0,130,104
0,130,103
112,130,104
0,130,103
112,130,103
112,130,103
112,130,103
112,130,103
112,130,103
112,130,103
112,130,104
0,130,103
96,130,103
80,130,103
96,130,103
80,130,103
96,130,103
96,130,103
96,130,103
96,130,103
96,130,103
96,130,103
112,130,103
96,130,103
80,130,103
80,130,103
96,130,103
80,130,103
96,130,103
64,130,103
64,130,103
64,130,103
80,130,103
80,130,103
48,130,103
48,130,103
64,130,103
48,130,103
48,130,103
48,130,103
32,130,103
32,130,103
48,130,103
48,130,103
48,0,0
48,103,48
130,103,48
130,103,48
130,103,32
130,48,130
103,48,130
103,48,130
103,32,130
103,32,130
103,0,130
103,16,130
103,16,130
103,16,130
103,16,130
103,16,130
103,32,130
103,16,130
103,16,130
103,16,130
103,16,130
103,16,130
103,16,130
103,16,130
103,0,130
103,0,130
103,0,130
103,0,130
103,16,130
103,0,130
103,112,130
102,0,130
103,112,130
102,112,130
102,112,130
102,112,130
102,112,130
102,112,130
102,0,130
103,0,130
103,112,130
102,112,130
102,112,130
102,96,130
102,112,130
102,80,130
102,112,130
102,96,130
102,96,130
102,96,130
102,96,130
102,112,130
102,96,130
102,96,130
102,80,130
102,96,130
102,96,130
102,80,130
102,80,130
102,64,130
102,80,130
102,80,130
102,80,130
102,80,130
102,80,130
102,80,130
102,80,130
102,80,130
102,80,130
102,80,130
102,64,130
102,64,130
102,80,130
102,80,130
102,64,130
102,32,130
102,64,130
102,64,130
102,64,130
102,48,130
102,32,130
102,48,130
102,64,130
102,64,130
102,64,130
102,48,130
102,64,130
102,64,130
102,64,130
102,64,130
102,48,130
102,48,130
102,48,130
102,64,130
102,48,130
102,48,130
102,32,130
102,48,130
102,48,130
102,32,130
102,32,130
102,48,130
102,16,130
102,16,130
102,0,130
102,0,130
102,0,130
102,0,130
102,16,130
102,16,130
102,16,130
102,0,130
102,0,130
102,0,130
102,112,130
101,112,130
101,96,130
101,112,130
101,112,130
101,112,130
101,112,130
101,112,130
101,96,130
101,96,130
101,80,130
101,96,130
101,96,130
101,80,130
101,96,130
101,96,130
101,112,130
101,96,130
101,112,130
101,80,130
101,64,130
101,80,130
101,80,130
101,80,130
101,80,130
101,80,130
101,64,130
101,64,130
101,64,130
101,64,130
101,80,130
101,64,130
101,64,130
101,64,130
101,64,130
101,64,130
101,48,130
101,64,130
101,64,130
101,48,130
101,48,130
101,48,130
101,48,130
101,32,130
101,32,130
101,32,130
101,48,130
101,16,130
101,16,130
101,16,130
101,16,130
101,16,130
101,16,130
101,16,130
101,0,130
101,0,130
101,16,130
101,16,130
101,0,130
101,16,130
101,16,130
101,0,130
101,0,130
101,48,130
101,16,130
101,0,130
101,0,130
101,16,130
101,16,130
101,0,130
101,16,130
101,130,101
0,130,101
0,130,101
16,130,100
112,130,100
112,130,100
96,130,101
0,130,101
0,130,100
112,130,100
112,130,100
96,130,100
96,130,100
96,130,100
96,130,100
112,130,100
112,130,101
0,130,100
112,130,100
96,130,100
96,130,100
112,130,100
112,130,100
112,130,100
96,130,100
112,130,100
96,130,100
80,130,100
96,130,100
96,130,100
96,130,100
96,130,100
112,130,100
96,130,100
96,130,100
96,130,100
96,130,100
96,130,100
112,130,100
112,130,100
112,130,100
96,130,101
0,130,100
112,130,100
112,130,100
112,130,100
112,130,100
112,130,100
96,130,100
96,130,100
96,130,100
96,130,100
96,130,100
112,130,100
96,130,100
80,130,100
96,130,100
112,130,100
96,130,100
96,130,100
80,130,100
80,130,100
80,130,100
80,130,100
96,130,100
96,130,100
80,130,100
80,130,100
80,130,100
80,130,100
80,130,100
80,130,100
64,130,100
64,130,100
80,130,100
96,130,100
80,130,100
80,130,100
80,130,100
96,130,100
96,130,100
80,130,100
96,130,100
80,130,100
112,130,100
64,130,100
80,146,100
64,130,100
64,130,100
64,130,100
64,130,100
80,130,100
64,130,100
64,130,100
80,130,100
80,130,100
64,130,100
64,130,100
80,130,100
80,130,100
48,130,100
80,130,100
64,130,100
64,130,100
80,130,100
80,130,100
80,130,100
64,130,100
64,130,100
64,130,100
64,130,100
64,130,100
48,130,100
64,130,100
48,130,100
48,130,100
64,130,100
64,130,100
64,130,100
80,130,100
64,130,100
64,130,100
64,130,100
48,130,100
64,130,100
64,130,100
64,130,100
64,130,100
80,130,100
80,130,100
80,130,100
64,130,100
64,130,100
64,130,100
64,130,100
64,130,100
64,130,100
48,130,100
64,130,100
32,130,100
64,130,100
64,130,100
64,130,100
48,130,100
64,130,100
48,130,100
64,130,100
64,130,100
48,130,100
64,130,100
48,130,100
48,130,100
48,130,100
48,130,100
48,130,100
48,130,100
48,130,100
48,130,100
64,130,100
32,130,100
32,130,100
32,130,100
48,130,100
48,130,100
48,130,100
48,130,100
48,130,100
48,130,100
48,130,100
64,130,100
48,130,100
48,130,100
48,130,100
32,130,100
48,130,100
32,130,100
64,130,100
48,130,100
48,130,100
48,130,100
48,130,100
48,130,100
48,130,100
32,130,100
48,130,100
48,130,100
48,130,100
48,130,100
48,130,100
48,130,100
64,130,100
48,130,100
48,130,100
32,130,100
48,130,100
32,130,100
32,130,100
48,130,100
32,130,100
48,130,100
48,130,100
48,130,100
48,130,100
32,130,100
32,130,100
32,130,100
32,130,100
32,130,100
32,130,100
32,130,100
32,130,100
32,130,100
48,130,100
48,130,100
32,130,100
32,130,100
48,130,100
32,130,100
32,130,100
32,130,100
32,130,100
16,130,100
32,130,100
32,130,100
32,130,100
16,130,100
32,130,100
32,130,100
32,130,100
16,130,100
32,130,100
16,130,100
16,130,100
0,130,100
16,130,100
16,130,100
0,130,100
0,130,100
16,130,100
16,130,100
0,130,100
16,130,99
112,130,100
0,130,178
0,99,112
130,100,0
130,100,0
130,100,0
130,99,112
130,99,112
130,99,112
130,99,112
130,99,112
130,99,112
130,99,112
130,99,112
130,99,96
130,99,112
130,99,96
130,99,96
130,99,96
130,99,80
130,99,96
130,99,96
130,99,80
130,99,80
130,99,64
130,99,80
130,99,80
130,99,80
130,99,80
130,99,64
130,99,48
130,99,64
130,99,64
130,99,64
130,99,64
130,99,64
130,99,64
130,99,64
130,99,48
130,99,64
130,99,48
130,99,64
130,99,48
130,99,52
130,99,48
130,99,48
130,99,32
130,99,64
130,99,64
130,99,48
130,99,48
130,99,64
130,99,48
130,99,48
130,99,48
130,99,64
130,99,48
130,99,48
130,99,48
130,99,48
130,99,32
130,99,48
130,99,32
130,99,48
130,99,32
130,99,32
130,99,32
130,99,48
130,99,48
130,99,32
130,99,16
130,99,0
130,99,32
130,99,16
130,99,32
130,99,0
130,99,16
130,99,16
130,99,16
130,99,16
130,99,16
130,99,32
130,99,16
130,99,0
130,99,16
130,99,0
130,99,0
130,99,0
130,99,0
130,99,16
130,99,16
130,99,0
130,99,16
130,99,0
130,98,112
130,99,0
130,99,16
130,99,0
130,99,0
130,99,0
130,99,0
130,99,0
130,99,0
130,99,0
130,99,0
130,98,112
130,99,0
130,98,112
130,98,112
130,98,112
130,99,0
130,98,112
130,98,112
130,98,112
130,98,112
130,98,112
130,98,112
130,98,96
130,98,112
130,98,96
130,98,96
130,98,96
130,98,80
130,98,80
130,98,80
130,98,64
130,98,80
130,98,80
130,98,80
130,98,64
130,98,80
130,98,64
130,98,64
130,98,64
130,98,64
130,98,64
130,98,64
130,98,64
130,98,48
130,98,48
130,98,48
130,98,48
130,98,48
130,98,48
130,98,64
130,98,48
130,98,32
130,98,32
130,98,32
130,98,32
130,98,32
130,98,32
130,98,32
130,98,32
130,98,32
130,98,32
130,98,32
130,98,32
130,98,32
130,98,32
130,98,32
130,98,32
130,98,32
130,98,32
130,98,32
130,98,32
130,98,16
130,98,16
130,98,32
130,98,16
130,98,32
130,98,32
130,98,32
130,98,16
130,98,16
130,98,16
130,98,16
130,98,0
130,98,0
130,98,0
130,98,0
130,98,16
130,98,0
130,97,112
130,97,112
130,97,112
130,97,112
130,97,96
130,97,96
130,97,112
130,97,112
130,98,16
130,98,0
162,97,112
130,97,112
130,97,112
130,98,0
130,98,0
130,98,0
130,98,0
130,98,0
130,97,112
130,98,0
130,98,0
130,98,0
130,97,112
130,97,96
130,97,112
130,98,0
130,97,112
130,97,96
130,97,96
130,97,112
130,97,96
130,97,112
130,97,112
130,97,112
130,97,112
130,97,112
130,97,96
130,97,96
130,97,96
130,97,96
130,97,96
130,97,96
130,97,96
130,97,96
130,97,96
130,97,112
130,97,96
130,97,96
130,97,96
130,97,80
130,97,96
130,97,96
130,97,96
130,97,96
130,97,96
130,97,96
130,97,96
130,97,96
130,97,80
130,97,96
130,97,80
130,97,96
130,97,96
130,97,96
130,97,96
130,97,80
130,97,80
130,97,80
130,97,80
130,97,80
130,97,80
130,97,64
130,97,80
130,97,80
130,97,64
130,97,64
130,97,80
162,97,80
130,97,64
130,97,64
130,97,64
130,97,80
130,97,64
130,97,64
130,97,80
130,97,64
130,97,64
130,97,80
130,97,64
130,97,48
130,97,48
130,97,64
130,97,48
130,97,64
130,97,64
130,97,64
130,97,64
130,97,64
130,97,64
130,97,80
130,97,48
130,97,64
130,97,64
130,97,64
130,97,64
130,97,48
130,97,48
130,97,48
130,97,48
130,97,48
130,97,64
130,97,64
130,97,64
130,97,64
130,97,48
130,97,64
130,97,64
130,97,48
130,97,48
130,97,48
130,97,48
130,97,64
130,97,64
130,97,64
130,97,48
130,97,48
130,97,48
130,97,48
130,97,64
130,97,48
130,97,48
130,97,48
130,97,48
130,97,48
130,97,48
130,97,48
130,97,32
130,97,32
130,97,32
130,97,48
130,97,48
130,97,48
130,97,32
130,97,48
130,97,48
130,97,48
130,97,32
130,97,48
130,97,48
130,97,48
130,97,48
130,97,48
130,97,48
130,97,48
130,97,32
130,97,48
130,97,48
130,97,32
130,97,32
130,97,32
130,97,32
130,97,32
130,97,32
130,97,32
130,97,32
130,97,32
130,97,32
130,97,32
130,97,32
130,97,32
130,97,16
130,97,32
130,97,32
130,97,32
130,97,16
130,97,32
130,97,16
130,97,32
130,97,16
130,97,16
130,97,16
130,97,32
130,97,32
130,97,32
130,97,16
130,97,16
130,97,16
130,97,16
130,97,16
130,97,0
130,97,16
130,97,16
130,97,0
130,97,0
130,97,16
130,97,16
130,97,0
130,97,0
130,97,0
130,97,0
130,130,97
130,97,0
130,97,0
130,97,0
130,96,112
130,96,112
130,96,112
130,96,112
130,96,112
130,96,96
130,96,96
130,96,96
130,96,96
130,96,112
130,96,96
130,96,80
130,96,96
130,96,80
130,96,80
130,96,96
130,96,80
130,96,64
130,96,80
130,96,64
130,96,80
130,96,80
130,96,80
130,96,64
130,96,64
130,96,64
130,96,64
130,96,64
130,96,48
130,96,64
130,96,64
130,96,64
130,96,48
130,96,48
130,96,48
130,96,48
130,96,48
130,96,48
130,96,32
130,96,48
130,96,32
130,96,48
130,96,48
130,96,32
130,96,32
130,96,32
130,96,32
130,96,32
130,96,16
130,96,16
130,96,16
130,96,0
130,96,0
130,96,16
130,96,0
130,96,0
130,95,112
130,96,16
130,96,0
130,95,112
130,96,0
130,95,112
130,95,112
130,95,112
130,95,96
130,95,112
130,95,112
130,95,96
130,95,80
130,95,80
130,95,96
130,95,96
130,95,96
130,95,80
130,95,80
130,95,80
130,95,80
130,95,64
130,95,80
130,95,80
130,95,48
130,95,64
130,95,64
130,95,64
130,95,64
130,95,64
130,95,65
130,95,64
130,95,64
130,95,48
130,95,48
130,95,64
130,95,48
130,95,48
130,95,64
130,95,48
130,95,32
130,95,32
130,95,32
130,95,32
130,95,16
130,95,16
130,95,32
130,95,32
130,95,32
130,95,48
130,95,48
130,95,48
130,95,16
130,95,16
130,95,16
130,95,16
130,95,0
130,95,16
130,95,16
130,95,0
130,95,16
130,95,0
130,95,16
130,95,0
130,95,0
130,95,0
130,95,0
130,95,0
130,95,48
130,95,0
130,95,0
130,95,0
130,94,112
130,95,0
130,95,0
130,95,0
130,95,0
130,95,0
130,95,0
130,95,0
130,94,112
130,94,112
130,94,112
130,94,112
130,94,112
130,94,112
130,95,0
130,94,112
130,94,112
130,94,96
130,94,96
130,94,96
130,94,112
130,94,112
130,94,96
130,94,80
130,94,96
130,94,80
130,94,96
130,94,80
130,94,96
162,94,96
130,94,96
130,94,80
130,94,80
130,94,64
130,94,80
130,94,80
130,94,80
130,94,64
130,94,80
130,94,48
130,94,64
130,94,80
130,94,80
130,94,80
130,94,80
130,94,64
130,94,48
130,94,48
130,94,48
130,94,48
130,94,32
130,94,48
130,94,48
130,94,48
130,94,48
130,94,64
130,94,48
130,94,64
130,94,48
130,94,64
130,94,48
130,94,48
130,94,64
130,94,48
130,94,48
130,94,48
130,94,48
130,94,48
130,94,32
130,94,64
130,94,32
130,94,48
130,94,48
130,94,48
130,94,32
130,94,48
130,94,32
130,94,32
130,94,32
130,94,48
130,94,48
130,94,32
130,94,48
130,94,32
130,94,16
130,94,32
130,94,48
130,94,48
130,94,32
130,94,32
130,94,48
130,94,32
130,94,48
130,94,32
130,94,48
130,94,32
130,94,32
130,94,32
130,94,32
130,94,32
130,94,32
130,94,16
130,94,16
130,94,16
130,94,16
130,94,16
130,94,32
130,94,16
130,94,48
130,94,0
130,94,16
130,94,16
130,94,16
130,94,32
130,94,16
130,94,16
130,94,0
130,94,16
130,94,0
130,94,16
130,94,0
130,94,32
130,94,16
130,94,0
130,94,0
130,94,0
130,94,0
130,94,16
130,94,0
130,94,16
130,93,112
130,93,112
130,93,112
130,94,0
130,94,0
130,93,112
130,93,96
130,93,112
130,93,112
130,93,112
130,94,0
130,93,112
130,93,112
130,93,112
130,93,96
130,93,96
130,93,112
130,93,96
130,93,96
130,93,96
130,93,96
130,93,112
130,93,112
130,93,120
130,93,96
130,93,112
130,93,96
130,93,96
130,93,80
130,93,80
130,93,80
130,93,96
130,93,80
130,93,64
130,93,80
130,93,64
130,93,80
130,93,80
130,93,64
130,93,96
130,93,80
130,93,80
130,93,48
130,93,64
130,93,84
130,93,64
130,93,80
130,93,64
130,93,64
130,93,80
130,93,48
130,93,80
130,93,64
130,93,64
130,93,64
130,93,80
130,93,48
130,93,64
130,93,64
130,93,48
130,93,48
130,93,64
130,93,64
130,93,80
130,93,48
130,93,48
130,93,48
130,93,16
130,93,16
130,93,16
130,93,48
130,93,16
130,93,32
130,93,16
130,93,16
130,93,16
130,93,16
130,93,32
130,93,16
130,93,32
130,93,16
130,93,16
130,93,16
130,93,32
130,93,0
130,93,0
130,93,0
130,93,0
130,93,0
130,93,0
130,93,16
130,93,0
130,93,0
130,93,0
130,93,0
130,93,0
130,93,0
130,92,112
130,92,112
130,92,112
130,92,112
130,92,112
130,92,112
130,92,96
130,92,112
130,92,112
130,92,112
130,92,112
130,92,96
130,92,80
130,92,64
130,92,80
146,92,80
130,92,80
130,92,80
130,92,80
130,92,64
130,92,64
130,92,48
130,92,48
130,92,48
130,92,48
130,92,48
130,92,16
130,92,16
130,92,0
130,92,16
130,92,16
130,92,32
130,92,16
130,92,0
130,92,16
130,92,0
130,92,16
130,92,16
130,92,0
130,92,0
130,92,0
130,92,0
130,92,0
130,92,0
130,92,0
130,92,0
130,92,0
130,91,112
130,92,0
130,92,0
130,91,112
130,92,0
130,92,0
130,92,0
130,91,112
130,92,0
130,91,112
130,91,112
130,91,112
130,91,112
130,91,96
130,91,96
130,91,112
130,91,112
130,91,112
130,91,96
130,91,96
130,91,96
130,91,96
130,91,96
130,91,96
130,91,96
130,91,96
130,91,80
130,91,80
130,91,80
130,91,80
130,91,80
130,91,80
130,91,96
130,91,96
130,91,96
130,91,80
130,91,80
130,91,80
130,91,64
130,91,80
130,91,80
130,91,80
130,91,48
130,91,64
130,91,64
130,91,80
130,130,91
64,130,91
64,130,91
96,130,91
80,130,91
64,130,91
48,130,91
64,130,91
48,130,91
48,130,91
48,130,91
48,130,91
48,130,91
64,130,91
48,130,91
64,130,91
48,130,91
48,130,91
48,130,91
48,130,91
48,130,91
32,130,91
48,130,91
48,130,91
32,130,91
48,130,91
48,130,91
48,130,91
48,130,91
48,130,91
48,130,91
48,130,91
48,130,91
48,130,91
48,130,91
64,130,91
48,130,91
48,130,91
48,130,91
32,130,91
48,130,91
32,130,91
32,130,91
32,130,91
48,130,91
32,91,32
130,91,32
130,91,32
130,91,16
130,91,48
130,91,16
130,91,16
130,91,32
130,91,16
130,91,32
130,91,16
130,91,16
130,91,0
130,91,16
130,91,16
130,91,16
130,91,16
130,91,16
130,91,16
130,91,0
130,91,16
130,91,0
130,91,0
130,91,16
130,91,16
130,91,16
130,91,16
130,91,16
130,91,0
130,91,16
130,91,16
130,91,0
130,91,0
130,91,0
130,91,0
130,90,112
130,91,0
130,90,112
130,90,112
130,91,0
130,90,112
130,90,112
130,91,0
130,90,112
130,90,112
130,91,0
130,90,112
130,90,112
130,90,112
130,90,112
130,90,112
130,90,112
130,90,96
130,90,112
130,90,96
130,90,96
130,90,80
130,90,96
130,90,96
130,90,96
130,90,80
130,90,96
130,90,96
130,90,80
130,90,80
130,90,96
130,90,112
130,90,96
130,90,96
130,90,96
130,90,80
130,90,80
130,90,64
130,90,64
146,90,80
130,90,80
130,90,80
130,130,90
80,130,90
80,130,90
96,130,90
96,130,90
80,130,90
80,130,90
80,130,90
80,130,90
64,130,90
48,130,90
48,130,90
32,130,90
64,130,90
48,130,90
32,130,90
32,130,90
64,130,90
32,130,90
32,130,90
16,130,90
16,130,90
32,130,90
32,130,90
32,146,90
16,130,90
16,130,90
32,130,90
16,130,90
0,130,90
16,130,90
16,130,90
16,130,90
16,130,90
16,130,90
16,130,90
16,130,90
0,130,90
0,130,90
16,130,90
0,130,90
0,130,94
0,130,90
0,130,90
0,130,90
0,130,89
112,130,89
112,130,90
0,130,89
112,130,89
112,130,89
96,130,89
96,130,89
96,130,89
96,130,89
112,130,89
96,130,89
96,130,89
96,130,89
80,130,89
96,130,89
80,130,89
96,130,89
80,130,89
80,130,89
80,130,89
64,130,89
64,130,89
64,130,89
64,130,89
64,130,89
64,130,89
80,130,89
64,130,89
64,130,89
64,130,89
64,130,89
64,130,89
64,130,89
48,130,89
64,130,89
64,130,89
48,130,89
64,130,89
64,130,89
64,130,89
64,130,89
64,130,89
48,130,89
32,130,89
48,130,89
64,130,89
48,130,89
48,130,89
48,130,89
32,130,89
48,130,89
32,130,89
48,130,89
48,130,89
48,130,89
32,130,89
32,130,89
32,130,89
32,130,89
32,130,89
16,130,89
32,130,89
16,130,89
32,130,89
0,130,89
0,130,89
16,130,89
32,130,89
16,130,89
0,130,89
16,130,89
0,130,89
0,130,89
0,130,89
16,130,88
112,130,89
0,130,89
0,130,89
0,130,88
112,130,89
0,130,88
112,88,112
130,88,112
130,88,112
130,88,112
130,88,112
130,88,96
130,88,96
130,88,112
130,88,80
130,88,96
130,88,80
130,88,80
130,88,96
130,88,80
130,88,80
130,88,96
130,88,80
130,88,80
130,88,80
130,88,80
130,88,80
130,88,80
130,88,64
130,88,80
130,88,80
130,88,96
130,88,80
130,88,80
130,88,80
130,88,64
130,88,48
130,88,64
130,88,48
130,88,64
130,88,48
130,88,48
130,88,64
130,88,48
130,88,64
130,88,48
130,88,48
130,88,48
130,88,48
130,88,48
130,88,32
130,88,32
130,88,32
130,88,32
130,88,32
130,88,32
130,88,32
130,88,32
130,88,32
130,88,32
130,88,32
130,88,0
130,88,16
130,87,112
130,88,16
130,88,0
130,88,0
130,87,112
130,88,16
130,88,0
130,87,112
130,87,112
130,88,0
130,87,112
130,87,112
130,87,112
130,87,96
130,87,112
130,87,112
130,87,112
130,87,96
130,87,112
130,87,96
130,87,112
130,87,96
130,87,96
130,87,80
130,87,112
130,87,96
130,87,96
130,87,80
130,87,80
130,87,96
130,87,80
130,87,96
130,87,96
130,87,80
130,87,80
130,87,64
130,87,80
130,87,80
130,87,64
130,87,80
130,87,64
130,87,48
130,87,48
130,87,64
130,87,48
130,87,16
130,87,32
130,87,16
130,87,16
130,87,32
130,87,16
130,87,0
130,87,16
130,87,0
130,87,0
130,86,112
130,86,112
130,86,112
130,87,0
130,86,96
130,86,80
130,86,96
130,86,80
130,86,80
130,86,64
130,86,80
130,86,96
130,86,80
130,86,80
130,86,80
130,86,80
130,86,80
130,86,80
130,86,80
130,86,64
130,86,64
130,86,64
130,86,80
130,86,64
130,86,64
130,86,64
130,86,64
130,86,80
130,86,80
130,86,64
130,86,64
130,86,64
130,86,64
130,86,64
130,86,64
130,86,48
130,86,48
130,86,64
130,86,48
130,86,48
130,86,48
130,86,32
130,86,48
130,86,32
130,86,48
130,86,32
130,86,48
130,86,48
130,86,32
130,86,48
130,86,48
130,86,32
130,86,32
130,86,32
130,86,32
130,86,48
130,86,48
130,86,32
130,86,80
130,86,32
130,86,16
130,86,32
130,86,16
130,86,16
130,86,16
130,86,16
130,86,0
130,86,32
130,86,16
130,86,0
130,86,0
130,86,0
130,86,16
130,86,16
130,86,0
130,86,0
130,86,0
130,86,0
130,86,0
130,86,0
130,86,0
130,85,112
130,86,0
130,86,0
130,85,112
130,85,112
130,85,112
130,86,0
130,85,112
130,85,112
130,85,96
130,85,112
130,85,96
130,85,96
130,85,96
130,85,96
130,85,96
130,85,96
130,85,96
130,85,80
130,85,96
130,85,80
130,85,80
130,85,80
130,85,96
130,85,96
130,85,80
130,85,96
130,85,81
130,85,80
130,85,80
130,85,80
130,85,80
130,85,64
130,85,80
130,85,64
130,85,80
130,85,64
130,85,80
130,85,64
130,85,80
130,85,80
130,85,80
130,85,80
130,85,80
130,85,80
130,85,64
130,85,64
130,85,64
130,85,64
130,85,64
130,85,64
130,85,64
130,85,64
130,85,64
130,85,64
130,85,48
130,85,64
130,85,64
130,85,48
130,85,48
130,85,64
130,85,48
130,85,32
130,85,48
130,85,48
130,85,48
130,85,48
130,85,48
130,85,48
130,85,64
130,85,48
130,85,48
130,85,48
130,85,64
130,85,48
130,85,48
130,85,32
130,85,48
130,85,32
130,85,16
130,85,32
130,85,32
130,85,32
130,85,32
130,85,32
130,85,16
130,85,32
130,85,16
130,85,16
130,85,16
130,85,16
130,85,32
130,85,16
130,85,16
130,85,16
130,85,32
130,85,16
130,85,16
130,85,16
130,85,32
130,85,32
130,85,16
130,85,32
130,85,16
130,85,32
130,85,16
130,85,16
130,85,16
130,85,32
130,85,16
130,85,16
130,85,0
130,85,16
130,85,0
130,85,0
130,85,16
130,85,16
130,85,0
130,85,0
130,85,16
130,85,16
130,85,0
130,85,0
130,85,0
130,85,16
130,85,16
130,85,16
130,85,0
130,85,0
130,85,0
130,85,0
130,85,0
130,85,16
130,85,0
130,85,0
130,85,0
130,84,112
130,84,112
130,85,0
130,85,0
130,85,0
130,85,0
130,84,112
130,84,112
130,84,112
130,85,0
130,84,112
130,85,0
130,85,0
130,85,0
130,84,112
130,84,112
130,84,96
130,84,96
130,84,96
130,84,96
130,84,96
130,84,96
130,84,96
130,84,80
130,84,64
130,84,80
130,84,64
130,84,64
130,84,64
130,84,48
130,84,16
130,84,32
130,84,32
130,84,48
130,84,32
130,84,32
130,84,16
130,84,16
130,84,16
130,84,16
130,84,0
130,84,0
130,84,0
130,83,112
130,84,0
130,83,112
130,83,96
130,83,112
130,83,112
130,83,112
130,83,112
130,83,96
130,83,96
130,83,96
130,83,96
130,83,80
130,83,80
130,83,80
130,83,80
130,83,80
130,83,80
130,83,80
130,83,64
130,83,64
130,83,64
130,83,64
130,83,64
130,83,48
130,83,48
130,83,48
130,83,32
130,83,48
130,83,32
130,83,32
130,83,16
130,83,48
130,83,48
130,83,32
130,83,32
130,83,32
130,83,16
130,83,16
130,83,16
130,83,16
130,83,32
130,83,16
130,83,16
130,83,16
130,83,16
130,83,16
130,83,0
130,83,16
130,83,16
130,83,0
130,83,16
130,83,0
130,83,16
130,83,0
130,83,0
130,83,0
130,83,0
130,83,0
130,83,0
130,83,0
130,82,112
130,82,112
130,83,0
130,82,112
130,82,96
130,82,112
130,82,112
130,82,96
130,82,112
130,82,96
130,82,112
130,82,96
130,82,96
130,82,112
130,82,96
130,82,96
130,82,96
130,82,96
130,82,96
130,82,80
130,82,96
130,82,96
130,82,80
130,82,80
130,82,80
130,82,80
130,82,80
130,82,64
130,82,64
130,82,80
130,82,48
130,82,80
130,82,64
130,82,64
130,82,80
130,82,64
130,82,64
130,82,80
130,82,80
130,82,80
130,82,80
130,82,64
130,82,80
130,82,64
130,82,80
130,82,64
130,82,64
130,82,64
130,82,64
130,82,64
130,82,64
130,82,64
130,82,64
130,82,48
130,82,64
130,82,64
130,82,48
130,82,48
130,82,48
130,82,64
130,82,48
130,82,48
130,82,48
130,82,48
130,82,48
130,82,48
130,82,48
130,82,48
130,82,48
130,82,48
130,82,32
130,82,48
130,82,32
130,82,32
130,82,48
130,82,32
130,82,32
130,82,32
130,82,32
130,82,32
130,82,32
130,82,32
130,82,32
130,82,16
130,82,16
130,82,16
130,82,16
130,210,32
130,82,16
130,82,16
130,82,0
130,82,0
130,82,16
130,82,32
130,82,0
130,82,0
130,82,0
130,82,0
130,82,0
130,82,0
130,82,16
130,82,0
130,82,0
130,82,0
130,82,0
130,82,0
130,82,0
130,82,0
130,90,16
130,82,0
130,82,0
130,82,16
130,82,0
130,82,16
130,82,0
130,82,0
130,82,0
130,82,0
130,82,0
130,82,0
130,82,0
130,82,0
130,82,0
130,82,0
130,82,0
130,81,112
130,82,0
130,81,112
130,82,0
130,82,16
130,82,0
130,82,0
130,82,0
130,82,0
130,82,0
130,82,0
130,82,0
130,81,112
130,82,0
130,81,112
130,81,112
130,81,112
130,81,112
130,82,0
130,81,112
130,81,112
130,81,112
130,81,112
130,81,112
130,81,112
130,81,112
130,82,16
130,82,0
130,81,112
130,82,0
130,81,112
130,81,112
130,82,0
130,82,0
130,81,112
130,82,0
130,81,112
130,81,112
130,81,112
130,81,112
130,81,112
130,81,112
130,81,112
130,81,112
130,81,112
130,81,112
130,81,112
130,81,112
130,82,0
130,81,112
130,81,112
130,81,112
130,81,112
130,81,112
130,81,112
130,81,96
130,81,96
130,81,96
130,81,112
130,81,112
130,81,112
130,81,112
130,81,112
130,81,96
130,81,96
130,81,96
130,81,112
130,81,96
130,81,96
130,81,96
130,81,112
130,81,96
130,81,112
130,81,96
130,96,130
81,96,130
81,112,130
81,96,130
81,96,130
81,96,130
81,96,130
81,96,130
81,80,130
81,96,130
81,96,130
81,96,130
81,96,130
81,96,130
81,96,130
81,112,130
81,96,130
81,96,130
81,96,130
81,96,130
81,96,130
81,96,130
81,96,130
81,96,130
81,96,130
81,96,130
81,96,130
81,96,130
81,96,130
81,96,130
81,96,130
81,96,130
81,80,130
81,80,130
81,80,130
81,96,130
81,96,130
81,96,130
81,96,130
81,96,130
81,96,130
81,80,130
81,96,130
81,96,146
81,80,130
81,96,130
81,80,130
81,96,130
81,80,130
81,80,130
81,80,130
81,80,130
81,80,130
81,80,130
81,96,130
81,80,130
81,96,130
81,80,130
81,96,130
81,80,130
81,80,130
81,96,130
81,80,130
81,80,130
81,80,130
81,96,130
81,80,130
81,80,130
81,80,130
81,80,130
81,80,130
81,64,130
81,80,130
81,80,130
81,64,130
81,80,130
81,80,130
81,80,130
81,80,130
81,64,130
81,81,130
81,80,130
81,80,130
81,80,130
81,96,130
81,80,130
81,80,130
81,64,130
81,64,130
81,64,130
81,80,130
81,64,130
81,64,130
81,64,130
81,64,130
81,80,130
81,64,130
81,64,130
81,64,130
81,64,130
81,32,130
81,64,130
81,48,130
81,64,130
81,64,130
81,64,130
81,64,130
81,48,130
81,64,130
81,64,130
81,48,130
81,32,130
81,48,130
81,32,130
81,48,130
81,48,130
81,32,130
81,32,130
81,32,130
81,32,130
81,32,130
81,32,130
81,32,130
81,32,130
81,32,130
81,16,130
81,16,130
81,16,130
81,16,130
81,16,130
81,32,130
81,32,130
81,16,130
81,16,130
81,16,48
0,130,81
16,130,81
16,130,81
16,130,81
0,130,81
0,130,81
0,130,81
0,130,81
0,130,80
112,130,80
96,130,80
112,130,80
80,130,80
96,130,80
96,130,80
96,130,80
112,130,80
96,130,80
96,130,80
96,96,130
80,96,130
80,96,130
80,96,130
80,80,130
80,96,130
80,96,130
80,96,130
80,80,130
80,80,130
80,96,130
80,80,130
80,80,130
80,80,130
80,80,130
80,96,130
80,96,130
112,80,130
80,80,130
80,80,130
80,85,130
80,80,130
80,80,130
80,80,130
80,80,130
80,80,130
80,80,130
80,80,130
80,64,130
80,80,130
80,64,130
80,64,130
80,64,130
80,64,130
80,64,130
80,48,130
80,64,130
80,48,130
80,64,130
80,64,130
80,64,130
80,64,130
80,64,130
80,64,130
80,64,130
80,64,130
80,32,130
80,64,130
80,64,130
80,48,130
80,64,130
80,64,130
80,64,130
80,80,130
112,48,130
80,64,130
80,64,130
80,64,130
80,48,130
80,64,130
80,64,130
80,48,130
80,64,130
80,48,130
80,80,130
80,64,130
80,48,130
80,64,130
80,48,130
80,48,130
80,48,130
80,64,130
80,64,130
80,48,130
80,48,130
80,48,130
80,48,130
80,48,130
80,48,130
80,48,130
80,48,130
80,48,130
80,48,130
80,48,130
80,64,130
80,48,130
80,48,130
80,48,130
80,48,130
80,48,130
80,48,130
80,64,130
80,48,130
80,48,130
80,48,130
80,48,130
80,48,130
80,48,130
80,49,130
80,48,130
80,32,130
80,48,130
80,48,130
80,48,130
80,48,130
80,48,130
80,48,130
80,48,130
80,48,130
80,48,130
80,48,130
80,48,130
80,48,130
80,48,130
80,48,130
80,48,130
80,48,130
80,48,130
80,48,130
80,48,162
80,48,130
80,48,130
80,48,130
80,32,130
80,48,130
80,32,130
80,48,130
80,48,130
80,48,130
80,32,130
80,48,130
80,32,130
80,32,130
80,48,130
80,32,130
80,48,130
80,32,130
80,32,130
80,32,130
80,32,130
80,48,130
80,48,130
80,48,130
80,48,130
80,48,130
80,32,130
80,48,130
80,48,130
80,32,162
80,32,130
80,32,130
80,48,130
80,32,130
80,32,130
80,48,130
80,32,130
80,32,130
80,48,130
80,32,130
80,48,130
80,32,130
80,32,130
80,48,130
80,16,130
80,32,130
80,32,130
80,16,130
80,32,130
80,32,130
80,32,130
80,32,130
80,32,130
80,32,130
80,16,130
80,32,130
80,32,130
80,16,130
80,16,130
80,16,130
80,16,130
80,16,130
80,16,130
80,16,130
80,16,130
80,16,130
80,16,130
80,16,130
80,0,130
80,16,130
80,16,130
80,0,130
80,16,130
80,16,130
80,16,130
80,16,130
80,0,130
80,0,130
80,16,130
82,0,130
80,16,130
80,0,130
80,16,130
80,16,130
80,0,130
80,16,130
80,0,130
80,0,130
80,16,130
80,0,130
80,0,130
80,0,130
80,0,130
80,0,130
80,0,130
80,0,130
80,0,130
80,0,130
80,0,130
80,0,130
80,0,130
80,0,130
80,0,130
80,112,130
79,112,130
79,0,130
80,120,130
79,0,130
80,112,130
79,112,130
79,112,130
79,112,130
79,0,130
80,112,130
79,112,130
79,130,79
96,130,79
112,130,79
96,130,79
96,130,79
96,130,79
112,130,79
112,130,79
96,130,79
96,130,79
96,130,79
96,130,79
80,130,79
96,130,79
96,130,79
80,130,79
96,130,79
96,130,79
80,130,79
96,130,79
96,130,79
80,130,79
96,130,79
80,130,79
80,130,79
80,130,79
80,130,79
96,130,79
80,130,79
80,130,79
80,130,79
80,130,79
80,130,79
64,130,79
80,130,79
80,130,79
80,130,79
64,130,79
64,130,79
64,130,79
64,130,79
64,130,79
64,130,79
64,130,79
64,130,79
64,130,79
64,130,79
64,130,79
48,130,79
48,130,79
48,130,79
48,130,79
48,130,79
32,130,79
32,130,79
48,130,79
48,130,79
48,130,79
48,130,79
48,130,79
48,130,79
48,130,79
32,130,79
48,130,79
32,130,79
32,130,79
32,130,79
32,130,79
32,130,79
16,130,79
32,130,79
16,130,79
16,130,79
32,130,79
16,130,79
16,130,79
16,130,79
16,130,79
16,130,79
16,130,79
16,130,79
0,130,79
16,130,79
16,130,79
16,130,79
0,130,79
0,130,79
16,130,79
0,130,79
0,130,79
0,130,79
0,130,79
0,130,79
0,130,79
0,130,79
0,130,79
0,130,79
0,130,79
0,130,79
0,130,79
0,130,79
0,130,79
0,130,79
0,130,78
112,130,79
0,130,79
0,130,79
2,130,79
0,130,79
0,130,79
0,130,79
0,130,78
112,130,79
0,130,79
0,130,79
0,130,78
112,130,78
112,130,78
112,130,78
112,130,78
112,130,79
0,130,79
0,130,78
112,130,79
0,130,78
112,130,78
112,130,78
112,130,78
112,130,78
112,130,78
96,130,78
96,130,78
112,130,78
96,130,78
112,130,78
96,130,78
112,130,78
96,130,78
96,130,78
112,130,79
0,130,78
96,130,78
112,130,78
96,130,78
96,130,78
96,130,78
96,130,78
96,130,78
96,130,78
96,130,78
96,130,78
112,130,78
96,130,78
96,130,78
96,130,78
96,130,78
96,130,78
96,130,78
96,130,78
96,130,78
96,130,78
96,130,78
80,130,78
80,130,78
96,78,96
130,78,80
130,78,80
130,78,80
130,78,96
130,78,80
130,78,80
130,78,80
130,78,96
130,78,80
130,78,80
130,78,80
130,78,80
130,78,64
130,78,64
130,78,96
130,78,64
130,78,80
130,78,80
130,78,64
130,78,64
130,78,64
130,78,64
130,78,64
130,78,48
130,78,64
130,78,48
130,78,48
130,78,48
130,78,48
130,78,48
130,78,48
130,78,64
130,78,64
130,78,64
130,78,48
130,78,64
130,78,64
130,78,48
130,78,48
130,78,48
130,78,48
130,78,48
130,78,48
130,78,48
130,78,48
130,78,48
130,78,48
130,78,32
130,78,32
130,78,48
130,78,32
130,78,48
130,78,32
130,78,48
130,78,32
130,78,32
130,78,16
130,78,32
130,78,32
130,78,32
130,78,16
130,78,32
130,78,32
130,78,16
130,78,16
130,130,78
48,130,78
16,130,78
16,130,78
16,48,0
16,78,16
130,78,16
130,78,0
130,78,0
130,78,16
130,78,0
130,78,0
130,78,32
130,78,0
130,78,16
130,78,0
130,78,0
130,77,112
130,78,0
130,78,0
130,78,0
130,79,0
130,78,0
130,78,0
130,78,0
130,78,0
130,78,0
130,78,0
130,77,112
130,78,0
130,78,0
130,78,0
130,77,112
130,78,0
130,78,0
130,77,112
130,77,112
130,77,112
130,78,0
130,77,112
130,77,112
130,77,112
130,77,112
130,77,112
130,77,112
130,78,0
130,77,96
130,77,112
130,77,112
130,77,96
130,77,112
130,77,96
130,77,112
130,77,112
130,77,112
130,77,112
130,77,112
130,77,96
130,77,112
130,77,96
130,77,96
130,77,96
130,77,96
130,77,96
130,77,96
130,77,96
130,77,96
130,77,112
130,77,80
130,77,96
130,77,96
130,77,96
130,77,96
130,77,112
130,77,80
130,77,96
130,77,96
130,77,96
130,77,96
130,77,112
130,77,80
130,77,96
130,77,80
130,77,96
130,77,96
130,77,80
130,77,80
130,77,80
130,77,80
130,77,80
130,77,80
130,77,80
130,93,64
130,77,96
130,77,64
130,77,80
130,77,80
130,77,80
130,77,80
130,77,80
130,77,80
130,77,80
130,77,64
130,77,80
130,77,80
130,77,64
130,77,80
130,77,64
130,77,64
130,77,64
130,77,64
130,77,80
130,77,64
130,77,64
130,77,64
130,77,64
130,77,64
130,77,64
130,77,64
130,77,64
130,77,80
130,77,48
130,77,48
130,77,64
130,77,80
130,77,64
130,77,64
130,77,80
130,77,48
130,77,64
130,77,64
130,77,64
130,77,48
130,77,48
130,77,64
130,77,48
130,77,64
130,77,64
130,77,64
130,77,48
130,77,64
130,77,48
130,77,48
130,77,32
130,77,64
130,77,48
130,77,48
130,77,48
130,77,48
130,77,48
130,77,48
130,77,32
130,77,48
130,77,32
130,77,32
130,77,32
130,77,32
130,77,16
130,77,16
130,77,32
130,77,16
130,77,16
130,77,16
130,77,16
130,77,32
130,77,16
130,77,16
130,77,32
130,77,0
130,77,16
130,77,16
130,77,32
130,77,16
130,77,16
130,77,16
130,77,16
130,77,0
130,77,0
130,77,0
130,77,16
130,77,0
130,77,0
130,77,0
130,77,0
130,77,0
130,77,0
130,77,0
130,77,16
130,76,112
130,77,0
130,76,112
130,76,112
130,76,112
130,77,0
130,76,112
130,76,112
130,76,112
130,76,112
130,77,0
130,76,112
130,76,116
130,76,112
130,76,112
130,76,112
130,76,112
130,76,96
130,76,112
130,76,112
130,76,112
130,76,112
130,76,112
130,76,112
130,76,96
130,76,112
130,76,80
130,76,96
130,76,96
130,76,96
130,76,96
130,76,96
130,76,96
130,76,80
130,76,80
130,76,80
130,76,96
130,76,80
130,76,80
130,76,96
130,76,80
130,76,48
130,76,80
130,76,80
130,76,80
130,76,80
130,76,80
130,76,80
130,76,80
130,76,80
130,76,80
130,76,80
130,80,130
76,80,130
76,64,130
76,64,130
77,64,130
76,64,130
76,64,130
76,64,130
76,64,130
76,64,130
76,64,130
76,48,130
76,64,130
76,64,130
76,64,130
76,48,130
76,64,130
76,48,130
76,48,130
76,32,130
76,64,130
76,48,130
76,48,130
76,48,130
76,48,130
76,48,130
76,48,130
76,64,130
76,32,130
76,32,130
76,32,130
76,16,130
76,32,130
78,32,130
76,32,130
76,32,130
76,32,130
76,48,130
76,32,130
76,32,130
76,16,130
76,16,130
76,0,130
76,32,130
76,16,130
76,0,130
76,0,130
76,0,130
76,0,130
76,96,130
75,96,130
75,80,130
75,64,130
75,64,146
75,48,130
75,48,130
75,32,130
75,48,130
75,32,130
75,32,130
75,32,130
75,130,75
16,130,75
16,130,75
16,130,75
16,130,75
0,130,74
112,130,74
96,130,74
96,130,74
64,130,74
80,130,74
64,130,74
48,130,90
32,130,74
16,130,74
16,130,74
16,130,74
32,130,74
16,130,74
0,130,74
0,130,73
112,130,73
112,130,73
112,130,73
96,130,73
80,130,73
96,130,73
80,130,73
80,130,73
64,130,73
48,130,73
32,130,73
32,130,73
0,130,73
0,130,73
0,130,72
112,130,72
112,0,0
112,72,96
130,72,80
130,72,80
130,72,48
130,72,64
130,72,64
130,72,32
130,72,48
130,72,16
130,72,0
130,72,16
130,72,0
130,71,112
130,71,112
130,71,64
130,71,80
130,71,80
130,130,71
64,130,71
64,130,71
64,130,71
64,130,71
80,130,71
48,130,71
48,130,71
48,130,71
32,130,71
32,130,71
48,130,71
32,130,71
32,130,71
32,130,71
16,130,71
0,130,71
0,130,71
16,130,70
112,112,130
70,112,130
70,112,130
70,96,130
70,112,130
70,96,130
70,96,130
70,112,130
70,112,130
70,96,130
70,96,130
70,96,130
70,80,130
70,96,130
70,80,130
70,80,130
70,64,130
70,80,130
70,80,130
70,80,130
70,64,130
70,80,130
70,64,130
70,64,130
70,64,130
70,80,130
70,48,130
70,64,130
70,80,130
70,64,130
70,64,130
70,48,130
70,48,130
70,48,130
70,48,130
70,48,130
70,48,130
70,64,130
70,48,130
70,48,130
70,48,130
70,48,130
70,32,130
70,48,130
70,32,130
78,32,130
70,16,130
70,16,130
70,16,130
70,32,130
70,16,130
70,0,130
70,16,130
70,0,130
70,112,130
69,112,130
69,80,130
69,96,130
69,96,130
69,80,130
69,80,130
69,80,130
69,64,130
69,64,130
69,130,69
80,130,69
80,130,69
64,130,69
112,130,69
64,130,69
64,130,69
64,130,69
56,130,69
48,130,69
48,130,69
32,130,69
32,130,69
32,130,69
32,130,69
16,130,69
0,130,69
32,130,69
32,130,69
16,130,69
16,130,69
0,130,69
16,130,69
0,130,69
0,130,69
0,130,68
112,130,68
112,130,69
0,130,68
112,130,68
96,130,68
112,130,68
96,68,80
130,68,80
130,68,80
130,68,96
130,68,80
130,68,96
130,68,80
130,80,130
68,80,130
68,64,130
68,64,130
68,64,130
68,64,130
68,64,130
68,64,130
68,48,130
68,48,130
68,48,130
68,64,130
68,48,130
68,48,130
68,48,130
68,32,130
68,48,130
68,32,130
68,48,130
68,32,130
68,0,130
68,0,130
68,0,130
68,16,130
68,0,130
68,112,130
67,112,130
67,112,130
67,112,130
67,96,130
67,96,130
67,96,130
67,96,130
67,80,130
67,64,130
67,80,130
67,80,130
67,64,130
67,64,130
67,80,130
67,64,130
67,64,130
67,64,130
67,32,130
67,48,130
67,64,130
67,48,130
67,64,130
67,48,130
67,48,130
67,32,130
67,32,130
67,32,130
67,32,130
67,32,130
67,16,130
67,16,130
67,16,130
67,32,130
67,16,130
67,16,130
67,0,130
67,16,130
67,16,130
67,16,130
67,0,130
67,16,130
67,112,130
66,0,130
67,112,130
66,112,130
66,0,130
67,112,130
66,112,130
66,112,130
66,96,130
66,96,130
66,96,130
66,80,130
66,130,66
80,130,66
96,130,66
80,130,66
80,130,66
80,130,66
96,130,66
80,130,66
64,130,66
64,130,66
64,130,66
48,130,66
64,130,66
48,130,66
64,130,66
48,130,66
32,130,66
48,130,66
48,130,66
32,130,66
32,130,66
32,130,66
32,130,66
16,130,66
32,130,66
32,130,66
16,130,66
16,130,66
0,130,65
112,130,65
96,130,65
64,130,65
96,130,65
96,130,65
96,130,65
80,130,65
80,130,65
80,130,65
64,130,65
64,130,65
64,130,65
64,130,65
48,130,65
64,130,65
64,130,65
48,130,65
32,130,65
48,130,65
48,130,65
48,130,65
48,130,65
48,130,65
48,130,65
32,130,65
32,130,65
16,130,65
16,130,65
16,130,65
16,130,64
112,130,65
0,130,65
0,130,65
0,130,65
0,130,64
112,130,65
0,130,64
96,130,65
0,130,64
96,130,64
96,130,64
112,130,64
80,130,64
96,130,64
80,130,64
80,130,64
96,130,64
80,130,64
80,130,64
64,130,64
80,130,64
16,130,64
48,130,63
96,48,0
96,63,80
130,63,32
130,63,16
130,63,48
130,63,64
130,63,0
